"team","conference","ab","pa","r","h","2b","3b","hr","rbi","tb","k","bb","hbp","sf","sh","cs","sb","dp","avg","obp","slg","ops","iso","babip","woba","k%","bb%","hr%","rc"
"Adrian","MIAA","1551","1870","339","483","101","17","15","291","663","295","210","58","16","35","12","52","35",".311",".409",".427",".836",".116",".372",".367",".158",".112",".008","290.86"
"Albertus Magnus","Great Northeast","863","1003","160","256","34","13","17","144","367","171","101","22","9","8","14","74","20",".297",".381",".425",".806",".129",".349",".355",".170",".101",".017","151.82"
"Albion","MIAA","1259","1424","158","314","57","17","16","141","453","313","102","34","12","17","13","38","28",".249",".320",".360",".680",".110",".316",".300",".220",".072",".011","148.97"
"Albright","MAC Commonwealth","1024","1183","176","269","52","4","12","153","365","190","119","19","12","9","11","44","20",".263",".347",".356",".703",".094",".308",".315",".161",".101",".010","138.47"
"Alfred St.","AMCC","1212","1393","184","296","65","5","17","154","422","272","108","45","10","18","25","53","25",".244",".327",".348",".675",".104",".299",".301",".195",".078",".012","142.00"
"Allegheny","NCAC","1278","1538","244","366","78","10","11","216","497","262","154","58","21","27","23","34","32",".286",".383",".389",".772",".103",".346",".341",".170",".100",".007","201.61"
"Alma","MIAA","1356","1601","254","376","81","11","21","231","542","304","169","40","20","16","16","43","12",".277",".369",".400",".769",".122",".338",".340",".190",".106",".013","218.42"
"Alvernia","MAC Commonwealth","1340","1591","256","392","68","14","18","217","542","201","163","24","19","45","11","39","25",".293",".375",".404",".779",".112",".328",".337",".126",".102",".011","219.79"
"Amherst","NESCAC","1279","1507","242","377","69","7","11","200","493","222","160","25","24","19","17","61","20",".295",".378",".385",".763",".091",".342",".337",".147",".106",".007","207.82"
"Anderson (IN)","HCAC","1578","1890","334","483","111","19","12","287","668","302","210","59","18","25","17","105","25",".306",".403",".423",".826",".117",".367",".364",".160",".111",".006","298.12"
"Anna Maria","Great Northeast","1189","1415","198","327","65","3","12","168","434","267","140","52","8","26","18","15","17",".275",".374",".365",".739",".090",".343",".330",".189",".099",".008","175.41"
"Arcadia","MAC Commonwealth","1618","1927","384","537","98","15","29","338","752","227","179","71","29","30","29","87","36",".332",".415",".465",".880",".133",".365",".382",".118",".093",".015","325.04"
"Augsburg","MIAC","1162","1331","196","352","60","8","5","174","443","229","119","22","15","13","12","50","21",".303",".374",".381",".755",".078",".368",".335",".172",".089",".004","181.37"
"Augustana (IL)","CCIW","1390","1655","266","405","87","3","7","217","519","206","175","32","18","40","12","51","30",".291",".379",".373",".752",".082",".333",".331",".124",".106",".004","217.86"
"Aurora","NACC","1561","1826","313","477","87","12","13","268","627","268","171","39","32","23","22","80","20",".306",".381",".402",".783",".096",".354",".344",".147",".094",".007","264.58"
"Austin","SCAC","1017","1218","209","306","40","9","16","197","412","197","146","29","14","12","13","22","17",".301",".399",".405",".804",".104",".355",".357",".162",".120",".013","180.00"
"Averett","USA South","1286","1477","157","329","31","2","2","129","370","275","122","32","13","24","19","64","22",".256",".332",".288",".620",".032",".320",".281",".186",".083",".001","143.59"
"Babson","NEWMAC","1655","1980","366","509","108","11","36","322","747","281","223","62","30","10","19","73","28",".308",".403",".451",".854",".144",".346",".376",".142",".113",".018","321.10"
"Baldwin Wallace","OAC","1694","2019","392","529","108","12","43","357","790","284","217","73","21","14","16","110","38",".312",".408",".466",".874",".154",".350",".384",".141",".107",".021","341.79"
"Bard","Liberty League","1105","1317","182","320","50","19","4","161","420","243","131","47","12","22","11","64","25",".290",".385",".380",".765",".090",".363",".339",".185",".099",".003","182.70"
"Baruch","CUNYAC","1009","1201","175","272","53","8","8","157","365","205","127","47","12","6","10","16","32",".270",".373",".362",".735",".092",".327",".332",".171",".106",".007","145.59"
"Bates","NESCAC","1067","1269","149","253","37","4","3","127","307","263","146","31","9","16","15","27","18",".237",".343",".288",".631",".051",".309",".291",".207",".115",".002","122.18"
"Becker","NECC","1202","1382","190","309","57","7","11","168","413","270","126","32","19","3","18","81","24",".257",".339",".344",".683",".087",".317",".308",".195",".091",".008","156.13"
"Belhaven","ASC","1260","1444","205","341","63","6","22","184","482","279","108","40","16","20","16","80","20",".271",".343",".383",".726",".112",".327",".320",".193",".075",".015","180.50"
"Beloit","MWC","1276","1528","236","362","51","11","8","198","459","231","145","65","22","20","13","54","35",".284",".379",".360",".739",".076",".334",".331",".151",".095",".005","197.61"
"Benedictine (IL)","NACC","1348","1527","201","373","53","7","9","183","467","242","117","34","13","15","11","63","38",".277",".347",".346",".693",".070",".328",".310",".158",".077",".006","175.88"
"Berea","USA South","1095","1237","130","264","36","5","5","104","325","261","84","28","1","29","23","34","20",".241",".311",".297",".608",".056",".312",".272",".211",".068",".004","103.96"
"Berry","SAA","1460","1691","321","506","76","12","22","285","672","213","126","51","20","34","22","53","35",".347",".412",".460",".872",".114",".389",".377",".126",".075",".013","282.02"
"Bethany (WV)","PAC","1145","1317","204","324","53","12","6","178","419","145","113","29","13","17","11","43","29",".283",".358",".366",".724",".083",".316",".321",".110",".086",".005","162.85"
"Bethany Lutheran","UMAC","1139","1401","312","384","70","12","30","274","568","198","168","68","17","9","21","41","29",".337",".445",".499",".944",".162",".381",".413",".141",".120",".021","257.58"
"Bethel (MN)","MIAC","1352","1581","262","424","77","14","23","241","598","192","140","42","19","28","9","21","32",".314",".390",".442",".832",".129",".347",".361",".121",".089",".015","240.25"
"Birmingham-So.","SAA","1292","1545","266","371","65","4","28","216","528","224","177","37","16","23","18","49","29",".287",".384",".409",".793",".122",".325",".350",".145",".115",".018","217.52"
"Blackburn","SLIAC","1190","1354","198","322","52","6","25","181","461","244","106","38","8","12","19","38","23",".271",".347",".387",".734",".117",".320",".326",".180",".078",".018","165.30"
"Bluffton","HCAC","1278","1527","227","348","63","10","11","200","464","316","144","43","20","42","11","37","24",".272",".360",".363",".723",".091",".347",".317",".207",".094",".007","185.19"
"Bowdoin","NESCAC","1066","1244","179","291","44","8","15","161","396","253","108","39","10","21","16","40","10",".273",".358",".371",".729",".098",".342",".323",".203",".087",".012","156.75"
"Brandeis","UAA","895","1055","129","225","36","4","14","119","311","221","115","23","14","8","7","16","15",".251",".347",".347",".694",".096",".313",".313",".209",".109",".013","119.33"
"Brevard","USA South","1121","1277","140","290","48","3","6","128","362","227","101","23","12","20","8","30","28",".259",".329",".323",".652",".064",".316",".291",".178",".079",".005","127.73"
"Bridgewater (VA)","ODAC","1353","1585","262","388","76","7","30","241","568","277","147","51","13","21","10","41","26",".287",".375",".420",".795",".133",".338",".349",".175",".093",".019","224.48"
"Bridgewater St.","MASCAC","858","987","125","253","33","5","2","113","302","112","83","23","9","14","8","15","24",".295",".369",".352",".721",".057",".333",".322",".113",".084",".002","120.44"
"Brockport","SUNYAC","1246","1454","213","322","51","14","14","186","443","214","145","37","8","18","10","47","20",".258",".351",".356",".707",".097",".300",".316",".147",".100",".010","174.40"
"Buena Vista","American Rivers","1281","1469","229","366","74","17","12","204","510","256","129","32","14","13","13","47","32",".286",".362",".398",".760",".112",".345",".335",".174",".088",".008","192.58"
"Cabrini","Atlantic East","1231","1459","242","357","86","10","20","225","523","237","154","46","7","21","14","49","26",".290",".387",".425",".812",".135",".344",".357",".162",".106",".014","212.40"
"Cairn","CSAC","1078","1265","225","315","57","6","16","196","432","213","140","24","14","9","17","102","14",".292",".381",".401",".782",".109",".346",".348",".168",".111",".013","188.13"
"Cal Lutheran","SCIAC","1395","1643","286","434","91","6","8","259","561","207","149","55","28","16","18","58","31",".311",".392",".402",".794",".091",".353",".351",".126",".091",".005","238.29"
"Caltech","SCIAC","1099","1223","90","242","41","5","5","83","308","274","83","31","5","5","11","38","24",".220",".292",".280",".572",".060",".287",".262",".224",".068",".004","92.27"
"Calvin","MIAA","1323","1498","200","364","74","6","11","175","483","245","96","45","12","22","14","39","19",".275",".342",".365",".707",".090",".327",".313",".164",".064",".007","175.97"
"Capital","OAC","1319","1515","182","348","54","4","1","145","413","210","114","43","14","25","10","24","29",".264",".339",".313",".652",".049",".309",".293",".139",".075",".001","154.35"
"Carleton","MIAC","909","1051","121","250","33","4","3","103","300","163","98","21","6","17","8","36","32",".275",".357",".330",".687",".055",".330",".309",".155",".093",".003","116.80"
"Carroll (WI)","CCIW","1346","1577","264","409","68","12","18","237","555","224","162","31","25","13","7","34","24",".304",".385",".412",".797",".108",".346",".352",".142",".103",".011","232.30"
"Carthage","CCIW","1504","1727","316","449","80","20","36","289","677","261","144","47","17","15","7","16","27",".299",".374",".450",".824",".152",".337",".360",".151",".083",".021","258.72"
"Castleton","Little East","1235","1547","260","336","63","12","11","221","456","280","208","60","20","24","23","72","22",".272",".397",".369",".766",".097",".337",".344",".181",".134",".007","212.22"
"Catholic","Landmark","1556","1875","354","497","104","4","35","323","714","221","211","53","21","34","11","44","33",".319",".413",".459",".872",".139",".350",".379",".118",".113",".019","309.05"
"Cazenovia","NEAC","932","1069","134","247","31","3","12","105","320","200","78","25","6","28","9","27","22",".265",".336",".343",".679",".078",".324",".299",".187",".073",".011","114.63"
"CCNY","CUNYAC","986","1156","197","301","53","16","15","183","431","227","106","36","12","16","16","58","15",".305",".389",".437",".826",".132",".378",".361",".196",".092",".013","178.66"
"Centenary (LA)","SCAC","1363","1602","235","376","79","10","8","197","499","241","153","33","14","39","36","102","33",".276",".360",".366",".726",".090",".326",".319",".150",".096",".005","193.07"
"Centenary (NJ)","CSAC","969","1127","176","300","59","15","11","157","422","157","115","26","8","9","7","27","30",".310",".394",".436",".830",".126",".357",".365",".139",".102",".010","170.36"
"Central (IA)","American Rivers","1269","1480","224","356","73","14","16","189","505","250","126","57","15","13","15","49","18",".281",".367",".398",".765",".117",".334",".339",".169",".085",".011","200.69"
"Centre","SAA","1292","1511","212","366","59","4","13","184","472","264","140","38","20","21","20","56","28",".283",".365",".365",".730",".082",".341",".325",".175",".093",".009","188.63"
"Chapman","SCIAC","1610","1939","358","496","92","12","41","323","735","261","212","58","29","30","20","57","32",".308",".401",".457",".858",".148",".340",".373",".135",".109",".021","309.99"
"Chatham","PAC","990","1146","159","268","33","9","2","134","325","183","95","41","10","10","13","46","31",".271",".356",".328",".684",".058",".326",".310",".160",".083",".002","128.14"
"Chicago","MWC","1277","1532","314","404","72","10","14","267","538","165","156","54","22","23","11","55","24",".316",".407",".421",".828",".105",".348",".364",".108",".102",".009","241.69"
"Chris. Newport","CAC","1711","2095","397","527","107","13","49","362","807","318","259","68","22","35","10","86","26",".308",".415",".472",".887",".164",".350",".385",".152",".124",".023","360.22"
"Claremont-M-S","SCIAC","1397","1639","264","392","79","9","30","234","579","271","176","57","8","1","11","43","34",".281",".382",".414",".796",".134",".328",".356",".165",".107",".018","232.35"
"Clark (MA)","NEWMAC","1318","1517","253","389","67","20","18","234","550","254","132","35","21","11","19","45","26",".295",".369",".417",".786",".122",".348",".346",".167",".087",".012","212.17"
"Clarks Summit","CSAC","885","995","83","182","18","4","6","68","226","266","84","12","4","10","4","18","13",".206",".282",".255",".537",".050",".285",".247",".267",".084",".006","67.69"
"Clarkson","Liberty League","972","1123","142","255","41","10","6","124","334","168","93","23","14","21","8","23","26",".262",".337",".344",".681",".081",".307",".301",".150",".083",".005","120.06"
"CMSV","Skyline","1076","1268","169","264","46","7","5","132","339","223","128","42","8","14","10","61","27",".245",".346",".315",".661",".070",".303",".301",".176",".101",".004","135.31"
"Coast Guard","NEWMAC","994","1162","163","266","45","6","2","133","329","193","107","36","10","15","13","19","29",".268",".357",".331",".688",".063",".326",".310",".166",".092",".002","125.83"
"Cobleskill St.","NEAC","881","1003","116","217","44","8","0","93","277","192","74","30","8","10","17","38","15",".246",".323",".314",".637",".068",".311",".287",".191",".074",".000","95.85"
"Coe","American Rivers","1413","1633","246","407","96","9","9","213","548","244","119","54","23","24","20","47","29",".288",".360",".388",".748",".100",".336",".329",".149",".073",".006","207.27"
"Colby","NESCAC","964","1052","115","248","46","11","6","103","334","164","55","21","8","4","10","30","27",".257",".309",".346",".655",".089",".302",".291",".156",".052",".006","102.61"
"Colby-Sawyer","Great Northeast","842","967","111","214","46","3","0","89","266","163","72","28","12","13","10","23","30",".254",".329",".316",".645",".062",".310",".290",".169",".074",".000","89.60"
"Concordia (TX)","ASC","1599","1893","312","498","88","14","20","268","674","302","176","58","16","44","29","59","33",".311",".396",".422",".818",".110",".370",".356",".160",".093",".011","279.72"
"Concordia Chicago","NACC","1972","2315","417","620","113","26","23","356","854","315","226","67","34","16","31","154","62",".314",".397",".433",".830",".119",".358",".365",".136",".098",".010","361.10"
"Concordia Wisconsin","NACC","1388","1653","243","374","65","20","9","216","506","303","169","59","22","15","12","70","42",".269",".368",".365",".733",".095",".332",".328",".183",".102",".005","207.20"
"Concordia-M'head","MIAC","1092","1258","151","278","41","6","5","134","346","168","102","30","15","19","5","34","20",".255",".331",".317",".648",".062",".292",".290",".134",".081",".004","130.42"
"Cornell College","MWC","1246","1470","229","345","58","6","22","204","481","276","142","57","18","7","18","35","18",".277",".372",".386",".758",".109",".334",".340",".188",".097",".015","194.93"
"Covenant","USA South","1203","1402","210","327","61","14","20","187","476","321","148","24","16","11","12","50","23",".272",".359",".396",".755",".124",".350",".334",".229",".106",".014","183.15"
"Crown (MN)","UMAC","837","982","107","200","32","4","6","86","258","233","109","21","8","7","12","24","20",".239",".338",".308",".646",".069",".320",".296",".237",".111",".006","95.41"
"Curry","CCC","827","978","122","221","37","4","11","109","299","151","99","30","6","16","4","20","24",".267",".364",".362",".726",".094",".313",".324",".154",".101",".011","118.04"
"CWRU","UAA","1376","1610","271","402","91","10","23","234","582","250","135","60","27","12","14","93","22",".292",".374",".423",".797",".131",".335",".350",".155",".084",".014","237.94"
"D'Youville","AMCC","847","1010","144","229","49","9","8","124","320","175","113","24","12","14","6","18","18",".270",".367",".378",".745",".107",".327",".331",".173",".112",".008","127.89"
"Dallas","SCAC","1214","1461","234","346","63","9","16","205","475","256","152","53","20","22","15","61","19",".285",".383",".391",".774",".106",".343",".343",".175",".104",".011","204.76"
"Defiance","HCAC","1133","1343","183","332","56","2","14","163","434","218","139","38","17","16","8","30","28",".293",".384",".383",".767",".090",".346",".341",".162",".103",".010","182.08"
"Delaware Valley","MAC Freedom","1037","1216","180","293","32","11","7","156","368","187","113","34","14","18","6","47","15",".283",".367",".355",".722",".072",".334",".322",".154",".093",".006","158.59"
"Denison","NCAC","1535","1858","351","446","101","19","36","313","693","315","184","76","26","37","23","72","34",".291",".388",".451",".839",".161",".339",".363",".170",".099",".019","280.36"
"DePauw","NCAC","1225","1461","221","334","64","12","9","190","449","244","160","45","15","16","21","54","32",".273",".373",".367",".740",".094",".329",".331",".167",".110",".006","182.78"
"DeSales","MAC Freedom","1403","1689","283","392","87","10","24","243","571","284","199","37","20","30","18","95","41",".279",".379",".407",".786",".128",".330",".345",".168",".118",".014","233.65"
"Dickinson","Centennial","1132","1315","158","285","60","7","5","138","374","258","132","26","11","14","11","27","28",".252",".341",".330",".671",".079",".318",".302",".196",".100",".004","136.09"
"Dominican (IL)","NACC","1153","1397","179","293","72","3","11","159","404","220","134","84","14","12","8","20","25",".254",".369",".350",".719",".096",".301",".327",".157",".096",".008","166.40"
"Drew","Landmark","1319","1603","248","379","75","7","14","216","510","256","175","57","26","26","18","42","30",".287",".387",".387",".774",".099",".340",".343",".160",".109",".009","217.44"
"Dubuque","American Rivers","1488","1745","303","468","92","15","10","263","620","259","152","46","24","35","25","52","37",".315",".389",".417",".806",".102",".368",".351",".148",".087",".006","250.99"
"Earlham","HCAC","1231","1464","205","329","50","9","9","181","424","279","162","41","14","16","25","129","15",".267",".367",".344",".711",".077",".334",".321",".191",".111",".006","189.31"
"East Tex. Baptist","ASC","1312","1588","198","342","52","11","17","164","467","254","154","62","20","40","19","89","21",".261",".360",".356",".716",".095",".306",".317",".160",".097",".011","197.14"
"East. Mennonite","ODAC","1274","1497","188","322","54","7","20","164","450","252","146","39","13","25","9","42","31",".253",".344",".353",".697",".100",".298",".311",".168",".098",".013","169.00"
"Eastern","MAC Freedom","1115","1294","203","312","49","3","15","168","412","226","129","21","19","10","12","46","15",".280",".360",".370",".730",".090",".333",".325",".175",".100",".012","166.03"
"Eastern Conn. St.","Little East","1396","1667","275","384","67","9","18","234","523","254","208","36","23","4","16","85","33",".275",".378",".375",".753",".100",".319",".339",".152",".125",".011","224.57"
"Eastern Nazarene","NECC","1038","1239","175","294","58","1","2","145","360","156","141","32","12","16","14","53","34",".283",".382",".347",".729",".064",".327",".329",".126",".114",".002","154.02"
"Edgewood","NACC","1212","1459","195","315","61","10","8","161","420","318","154","52","11","30","17","58","18",".260",".365",".347",".712",".087",".342",".318",".218",".106",".005","175.34"
"Elizabethtown","Landmark","1394","1623","291","426","96","18","22","249","624","191","146","49","15","19","18","65","33",".306",".387",".448",".835",".142",".338",".364",".118",".090",".014","248.57"
"Elmhurst","CCIW","1308","1534","236","379","68","6","17","213","510","236","146","45","18","17","12","40","30",".290",".376",".390",".766",".100",".337",".340",".154",".095",".011","206.55"
"Elmira","Empire 8","1190","1390","210","315","53","9","6","175","404","260","138","34","10","18","20","67","26",".265",".355",".339",".694",".075",".331",".312",".187",".099",".004","159.93"
"Elms","NECC","1164","1334","133","290","37","6","3","115","348","206","116","30","7","17","7","27","30",".249",".331",".299",".630",".050",".298",".286",".154",".087",".002","127.22"
"Emerson","NEWMAC","960","1110","109","206","18","7","2","94","244","242","93","34","5","18","15","31","23",".215",".305",".254",".559",".040",".283",".258",".218",".084",".002","80.37"
"Emory","UAA","1293","1506","227","363","70","9","7","204","472","236","133","48","14","18","22","64","20",".281",".366",".365",".731",".084",".335",".326",".157",".088",".005","190.91"
"Emory & Henry","ODAC","1120","1294","198","339","60","8","9","168","442","167","86","48","13","27","13","42","28",".303",".373",".395",".768",".092",".345",".336",".129",".066",".007","174.50"
"Endicott","CCC","1378","1624","259","375","64","8","24","223","527","204","152","51","19","24","30","106","32",".272",".361",".382",".743",".110",".300",".329",".126",".094",".015","208.82"
"Eureka","SLIAC","962","1136","153","252","49","6","13","132","352","156","128","19","8","19","17","38","18",".262",".357",".366",".723",".104",".298",".321",".137",".113",".011","136.13"
"Farmingdale St.","Skyline","1108","1314","184","320","45","15","8","155","419","168","115","19","13","59","22","68","22",".289",".362",".378",".740",".089",".330",".316",".128",".088",".006","166.69"
"FDU- Florham","MAC Freedom","1168","1394","198","304","54","7","15","164","417","237","170","31","14","11","7","30","26",".260",".365",".357",".722",".097",".311",".326",".170",".122",".011","170.30"
"Ferrum","ODAC","1421","1644","253","394","57","6","13","216","502","281","150","38","13","22","22","79","20",".277",".359",".353",".712",".076",".334",".318",".171",".091",".008","203.58"
"Finlandia","WIAC","771","896","106","174","34","3","6","86","232","214","79","20","7","19","6","23","14",".226",".311",".301",".612",".075",".301",".275",".239",".088",".007","78.34"
"Fitchburg St.","MASCAC","950","1177","152","240","48","12","8","134","336","199","161","41","13","12","9","29","17",".253",".379",".354",".733",".101",".307",".332",".169",".137",".007","148.81"
"Fontbonne","SLIAC","1277","1459","221","378","72","6","14","192","504","191","99","51","9","23","7","57","30",".296",".368",".395",".763",".099",".337",".336",".131",".068",".010","198.20"
"Framingham St.","MASCAC","1203","1404","233","323","68","7","26","205","483","322","135","46","19","1","15","48","12",".268",".359",".401",".760",".133",".340",".339",".229",".096",".019","187.81"
"Franklin","HCAC","1574","1949","457","553","94","9","67","395","866","273","271","65","23","16","20","76","30",".351",".460",".550","1.010",".199",".387",".436",".140",".139",".034","402.39"
"Franklin & Marshall","Centennial","1377","1628","264","412","91","12","13","233","566","240","145","55","23","28","15","49","28",".299",".383",".411",".794",".112",".348",".347",".147",".089",".008","231.28"
"Fredonia","SUNYAC","1011","1160","169","298","42","7","3","138","363","187","95","28","11","15","14","32","26",".295",".368",".359",".727",".064",".355",".324",".161",".082",".003","143.42"
"Frostburg St.","CAC","1316","1598","293","401","80","6","25","263","568","239","201","39","19","23","10","50","26",".305",".407",".432",".839",".127",".351",".368",".150",".126",".016","251.23"
"Gallaudet","NEAC","1216","1465","214","311","58","23","2","170","421","234","165","47","17","20","15","91","25",".256",".362",".346",".708",".090",".310",".318",".160",".113",".001","180.26"
"Geneva","PAC","1098","1319","256","354","61","15","8","226","469","177","148","41","20","12","10","40","18",".322",".415",".427",".842",".105",".371",".372",".134",".112",".006","214.99"
"George Fox","NWC","1516","1838","305","452","85","6","27","277","630","249","183","66","29","44","17","50","30",".298",".391",".416",".807",".117",".335",".351",".135",".100",".015","267.22"
"Gettysburg","Centennial","1199","1361","209","345","61","10","9","185","453","226","101","34","9","18","11","40","24",".288",".357",".378",".735",".090",".345",".325",".166",".074",".007","172.23"
"Gordon","CCC","1067","1263","171","297","42","10","6","147","377","247","112","54","12","18","23","59","24",".278",".372",".353",".725",".075",".352",".325",".196",".089",".005","156.26"
"Greensboro","USA South","1242","1492","233","363","64","2","6","198","449","212","149","57","19","25","18","34","35",".292",".388",".362",".750",".069",".342",".335",".142",".100",".004","191.70"
"Greenville","SLIAC","1427","1637","270","435","84","15","21","238","612","300","148","26","18","18","19","71","30",".305",".376",".429",".805",".124",".368",".352",".183",".090",".013","239.61"
"Grinnell","MWC","1292","1531","263","389","79","8","26","225","562","239","131","66","14","28","10","69","27",".301",".390",".435",".825",".134",".349",".360",".156",".086",".017","234.44"
"Grove City","PAC","1089","1289","187","311","49","3","1","162","369","194","140","28","18","14","7","26","30",".286",".376",".339",".715",".053",".340",".322",".151",".109",".001","157.21"
"Guilford","ODAC","1350","1574","238","394","64","8","8","206","498","187","139","40","14","31","11","30","47",".292",".371",".369",".740",".077",".330",".327",".119",".088",".005","195.09"
"Gust. Adolphus","MIAC","1078","1258","196","303","65","8","14","168","426","183","116","33","13","18","13","31","17",".281",".365",".395",".760",".114",".323",".335",".145",".092",".011","165.51"
"Gwynedd Mercy","Atlantic East","1188","1440","279","354","82","18","22","235","538","214","172","54","13","13","15","60","25",".298",".406",".453",".859",".155",".344",".377",".149",".119",".015","231.88"
"Hamilton","NESCAC","979","1219","171","241","40","19","7","150","340","253","176","29","20","15","17","36","15",".246",".370",".347",".717",".101",".317",".324",".208",".144",".006","147.67"
"Hamline","MIAC","1055","1293","174","272","47","5","6","149","347","224","121","68","23","26","14","64","15",".258",".364",".329",".693",".071",".314",".312",".173",".094",".005","154.17"
"Hampden-Sydney","ODAC","1307","1573","244","386","74","10","14","211","522","262","177","49","20","20","21","57","36",".295",".394",".399",".793",".104",".354",".352",".167",".113",".009","221.70"
"Hanover","HCAC","1046","1198","110","228","37","10","7","95","306","252","104","25","4","19","2","14","24",".218",".303",".293",".596",".075",".279",".269",".210",".087",".006","97.62"
"Hardin-Simmons","ASC","1444","1658","226","399","84","5","18","203","547","287","153","32","12","17","17","23","35",".276",".356",".379",".735",".102",".331",".326",".173",".092",".011","199.11"
"Haverford","Centennial","1176","1381","212","316","63","8","25","195","470","235","147","39","9","10","25","94","19",".269",".366",".400",".766",".131",".315",".341",".170",".106",".018","188.03"
"Heidelberg","OAC","1457","1737","329","423","86","12","18","277","587","267","174","72","23","11","18","62","20",".290",".388",".403",".791",".113",".339",".352",".154",".100",".010","252.16"
"Hendrix","SAA","1298","1524","210","348","64","4","9","192","447","272","149","44","21","12","16","49","26",".268",".358",".344",".702",".076",".327",".316",".178",".098",".006","178.83"
"Hilbert","AMCC","1041","1219","192","279","47","17","10","166","390","300","125","32","9","12","14","56","19",".268",".361",".375",".736",".107",".364",".328",".246",".103",".008","155.06"
"Hiram","NCAC","1097","1262","159","298","61","9","8","142","401","231","97","49","9","10","5","15","33",".272",".355",".366",".721",".094",".334",".322",".183",".077",".006","147.47"
"Hood","MAC Commonwealth","1379","1709","352","434","83","19","8","292","579","199","234","51","15","30","34","152","30",".315",".428",".420",".848",".105",".359",".374",".116",".137",".005","283.58"
"Hope","MIAA","1344","1585","264","420","93","15","17","233","594","222","153","53","23","12","14","52","40",".312",".398",".442",".840",".129",".357",".369",".140",".097",".011","244.27"
"Houghton","Empire 8","1049","1263","234","324","67","13","11","205","450","248","140","41","23","10","12","54","13",".309",".403",".429",".832",".120",".385",".366",".196",".111",".009","200.82"
"Howard Payne","ASC","1198","1499","277","342","49","28","17","250","498","249","214","47","18","22","19","49","23",".285",".408",".416",".824",".130",".342",".364",".166",".143",".011","228.00"
"Huntingdon","USA South","1367","1634","288","420","81","7","8","245","539","226","157","59","19","32","20","86","26",".307",".397",".394",".791",".087",".358",".349",".138",".096",".005","239.85"
"Husson","North Atlantic","975","1155","108","214","33","5","4","85","269","204","123","27","10","20","11","42","20",".219",".321",".276",".597",".056",".270",".273",".177",".106",".003","100.06"
"IIT","NACC","1211","1377","150","277","49","4","6","122","352","297","113","25","6","22","23","50","20",".229",".306",".291",".597",".062",".296",".270",".216",".082",".004","113.59"
"Ill. Wesleyan","CCIW","1407","1631","280","438","79","8","23","253","602","239","135","57","20","12","15","40","27",".311",".389",".428",".817",".117",".356",".360",".147",".083",".014","245.77"
"Illinois Col.","MWC","1158","1354","213","349","56","8","13","179","460","217","137","34","14","11","9","35","22",".301",".387",".397",".784",".096",".357",".349",".160",".101",".010","194.41"
"Immaculata","Atlantic East","1013","1207","198","280","63","15","12","168","409","192","107","55","13","19","18","63","11",".276",".372",".404",".776",".127",".326",".341",".159",".089",".010","168.19"
"Iowa Wesleyan","SLIAC","1184","1386","181","274","48","5","21","164","395","327","150","32","8","12","10","59","16",".231",".332",".334",".666",".102",".300",".301",".236",".108",".015","148.71"
"Ithaca","Empire 8","1638","1980","326","498","102","13","21","287","689","301","230","64","28","20","15","59","31",".304",".404",".421",".825",".117",".355",".364",".152",".116",".011","304.61"
"John Carroll","OAC","1331","1545","270","417","77","15","21","238","587","265","144","35","18","17","25","96","22",".313",".390",".441",".831",".128",".373",".363",".172",".093",".014","243.27"
"John Jay","CUNYAC","1008","1220","224","290","56","12","18","187","424","193","141","36","14","21","19","67","21",".288",".389",".421",".810",".133",".335",".355",".158",".116",".015","179.62"
"Johns Hopkins","Centennial","1501","1776","300","449","77","11","47","284","689","290","196","40","26","13","12","57","26",".299",".389",".459",".848",".160",".338",".370",".163",".110",".026","282.55"
"Juniata","Landmark","1187","1383","213","341","64","9","15","188","468","289","136","42","14","4","7","54","21",".287",".376",".394",".770",".107",".363",".345",".209",".098",".011","194.16"
"JWU (Providence)","Great Northeast","1380","1613","286","430","74","19","11","254","575","273","160","44","19","10","24","56","29",".312",".396",".417",".813",".105",".376",".360",".169",".099",".007","241.00"
"Kalamazoo","MIAA","1213","1450","245","369","62","7","12","212","481","204","168","36","15","18","22","92","31",".304",".400",".397",".797",".092",".353",".354",".141",".116",".008","214.44"
"Kean","NJAC","1494","1738","214","410","62","5","3","176","491","228","154","28","16","46","42","49","29",".274",".350",".329",".679",".054",".318",".300",".131",".089",".002","183.40"
"Keene St.","Little East","1152","1358","202","301","62","7","12","177","413","231","145","41","13","7","9","20","29",".261",".360",".359",".719",".097",".313",".324",".170",".107",".009","160.28"
"Kenyon","NCAC","1190","1364","190","342","82","10","17","166","495","245","104","35","19","16","11","23","20",".287",".357",".416",".773",".129",".343",".338",".180",".076",".012","181.45"
"Keuka","NEAC","1165","1383","227","365","50","14","3","180","452","183","133","40","14","31","14","30","27",".313",".398",".388",".786",".075",".365",".346",".132",".096",".002","196.91"
"Keystone","CSAC","1603","1903","345","488","102","10","32","315","706","274","220","41","25","14","14","52","42",".304",".397",".440",".837",".136",".345",".368",".144",".116",".017","292.07"
"King's (PA)","MAC Freedom","1237","1470","277","396","80","6","14","247","530","171","165","31","16","21","11","36","26",".320",".409",".428",".837",".108",".358",".368",".116",".112",".010","230.72"
"Knox","MWC","1173","1366","214","338","52","13","13","179","455","272","139","28","11","15","17","112","12",".288",".374",".388",".762",".100",".362",".338",".199",".102",".010","197.23"
"La Roche","AMCC","1534","1780","356","522","92","29","13","313","711","273","169","42","24","11","28","123","20",".340",".414",".463",".877",".123",".400",".384",".153",".095",".007","315.22"
"La Verne","SCIAC","1471","1806","344","468","91","23","16","286","653","213","176","86","27","46","12","22","38",".318",".415",".444",".859",".126",".356",".371",".118",".097",".009","285.89"
"LaGrange","USA South","1581","1921","336","471","61","23","16","296","626","287","191","70","32","47","33","78","34",".298",".391",".396",".787",".098",".347",".344",".149",".099",".008","270.94"
"Lakeland","NACC","961","1091","124","242","37","3","16","111","333","228","84","34","5","7","10","23","24",".252",".332",".347",".679",".095",".313",".306",".209",".077",".015","114.37"
"Lancaster Bible","NEAC","1089","1330","294","374","61","4","26","251","521","142","151","39","21","30","15","54","16",".343",".434",".478",".912",".135",".369",".393",".107",".114",".020","241.22"
"Lasell","Great Northeast","902","1061","144","241","48","5","7","122","320","178","107","29","9","14","11","48","23",".267",".360",".355",".715",".088",".322",".320",".168",".101",".007","127.21"
"Lawrence","MWC","1230","1407","242","375","77","8","12","209","504","196","123","29","8","17","15","57","26",".305",".379",".410",".789",".105",".352",".348",".139",".087",".009","200.78"
"Lebanon Valley","MAC Commonwealth","1076","1224","181","317","59","4","16","155","432","166","96","21","18","13","9","40","19",".295",".358",".401",".759",".107",".330",".333",".136",".078",".013","165.13"
"Lehman","CUNYAC","1161","1379","242","359","80","8","19","210","512","243","142","52","10","14","21","56","27",".309",".405",".441",".846",".132",".374",".373",".176",".103",".014","214.73"
"Lesley","NECC","1139","1340","238","326","83","6","22","207","487","275","142","31","16","12","7","39","19",".286",".376",".428",".804",".141",".354",".353",".205",".106",".016","193.27"
"LeTourneau","ASC","1361","1613","266","393","56","7","25","225","538","239","165","48","12","27","18","71","29",".289",".382",".395",".777",".107",".332",".344",".148",".102",".015","225.99"
"Lewis & Clark","NWC","1286","1493","160","317","55","1","16","144","422","299","144","22","17","24","18","48","30",".247",".329",".328",".657",".082",".305",".294",".200",".096",".011","148.58"
"Linfield","NWC","1466","1726","276","439","75","4","27","244","603","253","180","28","18","34","18","30","38",".299",".382",".411",".793",".112",".342",".347",".147",".104",".016","239.13"
"Loras","American Rivers","1386","1621","269","413","73","22","17","232","581","228","154","34","20","27","16","44","18",".298",".377",".419",".796",".121",".341",".347",".141",".095",".010","235.28"
"Louisiana Col.","ASC","1083","1316","239","327","60","3","14","195","435","239","132","60","20","21","13","55","21",".302",".401",".402",".803",".100",".368",".355",".182",".100",".011","195.34"
"Luther","American Rivers","1353","1574","243","393","95","3","21","221","557","243","152","39","14","16","16","69","23",".290",".375",".412",".787",".121",".337",".347",".154",".097",".013","222.78"
"Lynchburg","ODAC","1359","1617","229","358","60","6","18","208","484","298","168","62","12","16","23","40","20",".263",".367",".356",".723",".093",".322",".327",".184",".104",".011","197.31"
"Macalester","MIAC","1103","1263","208","325","70","15","23","197","494","240","112","14","20","14","15","42","20",".295",".361",".448",".809",".153",".351",".350",".190",".089",".018","181.54"
"MacMurray","SLIAC","1248","1442","255","356","64","5","15","225","475","251","125","36","16","17","15","45","26",".285",".363",".381",".744",".095",".342",".329",".174",".087",".010","184.41"
"Manchester","HCAC","1423","1676","250","412","78","16","17","222","573","289","170","45","17","21","24","33","32",".290",".379",".403",".782",".113",".348",".345",".172",".101",".010","226.12"
"Manhattanville","MAC Freedom","1122","1386","252","340","60","1","12","221","438","180","170","55","24","15","12","79","27",".303",".412",".390",".802",".087",".344",".359",".130",".123",".009","211.43"
"Maranatha Baptist","DIII Independent","472","541","47","101","11","0","4","46","124","150","47","17","2","3","6","7","13",".214",".307",".263",".570",".049",".303",".265",".277",".087",".007","38.69"
"Marian (WI)","NACC","1320","1539","227","359","62","11","11","205","476","243","147","43","14","15","17","25","33",".272",".360",".361",".721",".089",".322",".323",".158",".096",".007","182.05"
"Marietta","OAC","1566","1836","257","430","94","7","15","221","583","264","175","58","13","24","23","80","21",".275",".366",".372",".738",".098",".319",".329",".144",".095",".008","236.77"
"Martin Luther","UMAC","857","968","111","225","37","4","2","95","276","202","76","16","7","12","4","21","11",".263",".332",".322",".654",".060",".338",".293",".209",".079",".002","101.83"
"Mary Hardin-Baylor","ASC","1267","1448","203","363","56","8","25","182","510","240","112","31","13","25","15","51","27",".287",".356",".403",".759",".116",".333",".332",".166",".077",".017","190.01"
"Mary Washington","CAC","1327","1527","278","425","75","9","26","246","596","249","129","32","18","21","11","40","26",".320",".389",".449",".838",".129",".373",".365",".163",".084",".017","239.07"
"Marymount (VA)","Atlantic East","1211","1445","253","345","79","7","24","213","510","279","160","31","7","36","26","96","22",".285",".380",".421",".801",".136",".351",".349",".193",".111",".017","207.12"
"Maryville (TN)","USA South","1332","1585","244","381","54","4","11","192","476","242","159","55","12","27","24","77","32",".286",".382",".357",".739",".071",".339",".331",".153",".100",".007","205.31"
"Marywood","Atlantic East","1076","1285","214","311","68","13","11","194","438","215","169","28","7","5","8","36","28",".289",".397",".407",".804",".118",".350",".360",".167",".132",".009","186.79"
"Mass. Maritime","MASCAC","989","1166","151","256","37","9","15","129","356","197","112","33","8","24","11","34","7",".259",".351",".360",".711",".101",".307",".315",".169",".096",".013","141.94"
"McDaniel","Centennial","1065","1205","202","323","57","6","9","177","419","176","94","23","13","10","10","42","23",".303",".368",".393",".761",".090",".352",".337",".146",".078",".007","164.00"
"MCLA","MASCAC","834","1003","133","225","36","5","2","109","277","147","99","34","7","29","12","40","19",".270",".368",".332",".700",".062",".322",".312",".147",".099",".002","117.20"
"McMurry","ASC","1310","1499","244","393","80","5","28","217","567","242","148","18","8","15","8","16","25",".300",".377",".433",".810",".133",".348",".355",".161",".099",".019","217.20"
"Me.-Farmington","North Atlantic","944","1068","136","239","33","5","9","117","309","200","80","22","9","13","8","31","15",".253",".323",".327",".650",".074",".309",".291",".187",".075",".008","109.54"
"Me.-Presque Isle","North Atlantic","864","995","116","194","50","7","7","95","279","232","97","18","7","9","11","43","8",".225",".313",".323",".636",".098",".296",".287",".233",".097",".007","96.18"
"Medaille","AMCC","981","1165","197","286","54","7","3","171","363","188","109","53","10","12","11","26","27",".292",".389",".370",".759",".078",".354",".341",".161",".094",".003","153.61"
"Merchant Marine","Skyline","1358","1611","303","422","61","19","7","250","542","210","152","52","30","19","28","135","30",".311",".393",".399",".792",".088",".354",".350",".130",".094",".004","243.77"
"Messiah","MAC Commonwealth","1242","1435","262","368","58","10","17","215","497","228","119","41","14","19","14","98","19",".296",".373",".400",".773",".104",".347",".341",".159",".083",".012","208.08"
"Methodist","USA South","1529","1850","358","487","77","24","18","296","666","275","196","32","16","77","13","78","25",".319",".403",".436",".839",".117",".375",".357",".149",".106",".010","293.60"
"Middlebury","NESCAC","1028","1241","193","271","58","9","9","165","374","209","138","44","21","10","20","79","23",".264",".368",".364",".732",".100",".315",".328",".168",".111",".007","157.18"
"Millikin","CCIW","1401","1636","271","425","65","5","42","241","626","231","148","46","16","25","12","28","41",".303",".384",".447",".831",".143",".335",".362",".141",".090",".026","243.13"
"Millsaps","SAA","1423","1735","282","415","50","3","9","223","498","271","205","67","13","27","28","75","30",".292",".402",".350",".752",".058",".351",".341",".156",".118",".005","235.34"
"Minn.-Morris","UMAC","1006","1162","150","266","57","10","3","126","352","200","107","26","11","12","9","20","19",".264",".347",".350",".697",".085",".323",".311",".172",".092",".003","131.33"
"Misericordia","MAC Freedom","1709","2172","405","504","106","17","13","356","683","234","257","117","24","65","18","95","25",".295",".417",".400",".817",".105",".330",".358",".108",".118",".006","334.19"
"MIT","NEWMAC","1140","1337","204","314","60","6","23","174","455","248","141","27","12","17","16","70","24",".275",".365",".399",".764",".124",".330",".337",".185",".105",".017","179.27"
"Mitchell","NECC","1359","1688","345","450","49","13","20","302","585","231","194","86","20","29","21","89","31",".331",".440",".430",".870",".099",".381",".384",".137",".115",".012","290.83"
"Monmouth (IL)","MWC","1508","1769","349","463","90","21","26","289","673","270","168","41","16","36","16","56","14",".307",".388",".446",".834",".139",".356",".361",".153",".095",".015","277.23"
"Montclair St.","NJAC","1255","1501","196","326","57","6","5","158","410","270","177","38","16","15","11","53","32",".260",".364",".327",".691",".067",".322",".314",".180",".118",".003","172.59"
"Moravian","Landmark","1370","1611","240","403","63","11","15","211","533","250","155","41","15","30","13","45","23",".294",".379",".389",".768",".095",".346",".338",".155",".096",".009","222.09"
"Mount Aloysius","AMCC","1140","1362","239","339","70","6","23","208","490","189","150","42","8","22","19","51","15",".297",".396",".430",".826",".132",".338",".363",".139",".110",".017","207.71"
"Mount Union","OAC","1243","1448","212","357","65","8","13","180","477","227","145","30","11","19","21","65","24",".287",".372",".384",".756",".097",".339",".335",".157",".100",".009","192.59"
"MSOE","NACC","1460","1738","289","425","75","7","25","264","589","265","179","62","18","19","8","18","26",".291",".387",".403",".790",".112",".337",".351",".152",".103",".014","247.28"
"Mt. St. Joseph","HCAC","1150","1345","198","320","56","7","13","175","429","252","131","41","10","13","7","35","24",".278",".369",".373",".742",".095",".343",".332",".187",".097",".010","173.71"
"Mt. St. Mary (NY)","Skyline","1060","1274","209","301","56","15","7","169","408","148","132","44","19","19","22","69","24",".284",".380",".385",".765",".101",".318",".339",".116",".104",".005","172.86"
"Muhlenberg","Centennial","1270","1473","182","328","57","11","15","163","452","228","125","42","15","21","12","23","25",".258",".341",".356",".697",".098",".300",".310",".155",".085",".010","164.85"
"Muskingum","OAC","1284","1481","214","349","65","6","14","185","468","193","111","58","14","14","15","55","32",".272",".353",".364",".717",".093",".307",".321",".130",".075",".009","177.81"
"N.C. Wesleyan","USA South","1480","1722","244","409","59","7","26","216","560","266","151","35","13","43","13","34","26",".276",".354",".378",".732",".102",".319",".321",".154",".088",".015","213.43"
"Neb. Wesleyan","American Rivers","1113","1320","167","287","54","6","11","147","386","252","139","35","9","24","12","38","21",".258",".356",".347",".703",".089",".321",".314",".191",".105",".008","152.55"
"Neumann","Atlantic East","1418","1643","235","422","64","12","14","206","552","274","141","38","15","31","23","51","44",".298",".373",".389",".762",".092",".356",".335",".167",".086",".009","213.17"
"New England Col.","NECC","1180","1460","271","354","73","4","34","223","537","225","196","47","29","8","11","100","29",".300",".411",".455",".866",".155",".337",".381",".154",".134",".023","245.04"
"New Jersey City","NJAC","1337","1591","255","402","91","7","18","231","561","310","165","41","28","20","21","102","20",".301",".387",".420",".807",".119",".370",".354",".195",".104",".011","239.68"
"New Rochelle","DIII Independent","1162","1357","208","304","43","14","12","174","411","265","137","34","5","19","29","99","16",".262",".355",".354",".709",".092",".328",".317",".195",".101",".009","165.69"
"Newbury","NECC","1071","1268","214","320","58","14","14","190","448","206","136","40","7","14","21","49","22",".299",".396",".418",".814",".120",".357",".360",".162",".107",".011","187.49"
"Nichols","CCC","1296","1496","204","375","64","3","8","173","469","207","114","42","19","25","17","70","27",".289",".361",".362",".723",".073",".334",".320",".138",".076",".005","187.66"
"North Central (IL)","CCIW","1560","1850","383","531","108","14","33","342","766","220","200","56","28","6","19","57","35",".340",".427",".491",".918",".151",".373",".401",".119",".108",".018","333.08"
"North Central (MN)","UMAC","851","977","115","214","23","2","9","96","268","181","87","26","3","10","5","47","20",".251",".338",".315",".653",".063",".309",".297",".185",".089",".009","104.12"
"North Park","CCIW","1493","1789","269","429","73","13","25","243","603","261","182","71","17","26","15","42","28",".287",".387",".404",".791",".117",".330",".350",".146",".102",".014","254.18"
"Northland","UMAC","1066","1236","164","265","33","5","10","131","338","234","111","39","12","8","17","37","29",".249",".338",".317",".655",".068",".306",".298",".189",".090",".008","123.68"
"Northwestern-St. Paul","UMAC","1195","1445","242","328","72","8","17","202","467","239","186","38","15","11","19","59","20",".274",".385",".391",".776",".116",".326",".347",".165",".129",".012","199.87"
"Norwich","Great Northeast","812","933","111","203","34","8","5","92","268","160","79","15","4","23","10","27","16",".250",".326",".330",".656",".080",".304",".290",".171",".085",".005","93.65"
"NVU-Lyndon","North Atlantic","1175","1386","208","344","51","17","2","180","435","239","125","41","12","33","24","42","23",".293",".377",".370",".747",".077",".362",".329",".172",".090",".001","178.14"
"NYU","UAA","1298","1666","342","391","70","18","17","303","548","226","221","102","21","24","26","90","29",".301",".435",".422",".857",".121",".348",".381",".136",".133",".010","273.25"
"Oberlin","NCAC","1330","1495","191","356","73","9","12","169","483","274","114","22","13","16","27","63","26",".268",".333",".363",".696",".095",".325",".308",".183",".076",".008","165.58"
"Occidental","SCIAC","1278","1514","204","333","88","2","13","186","464","327","152","41","13","30","17","51","22",".261",".354",".363",".717",".103",".336",".318",".216",".100",".009","177.60"
"Oglethorpe","SAA","1378","1632","282","414","61","8","33","229","590","305","173","55","22","4","13","77","29",".300",".394",".428",".822",".128",".359",".365",".187",".106",".020","253.89"
"Ohio Northern","OAC","1472","1676","287","463","82","7","20","248","619","215","121","50","18","15","10","39","37",".315",".382",".421",".803",".106",".353",".353",".128",".072",".012","244.72"
"Ohio Wesleyan","NCAC","1367","1625","271","415","71","5","21","244","559","235","161","50","30","17","20","48","25",".304",".389",".409",".798",".105",".345",".352",".145",".099",".013","236.36"
"Old Westbury","Skyline","1204","1393","255","397","87","13","8","228","534","183","139","17","17","16","20","47","18",".330",".402",".444",".846",".114",".378",".369",".131",".100",".006","222.72"
"Olivet","MIAA","1258","1400","165","333","53","8","14","144","444","283","95","23","16","8","15","29","30",".265",".324",".353",".677",".088",".327",".301",".202",".068",".010","146.32"
"Oswego St.","SUNYAC","1520","1795","369","462","91","25","34","324","705","302","186","54","26","9","23","66","30",".304",".393",".464",".857",".160",".354",".375",".168",".104",".019","286.70"
"Otterbein","OAC","1616","1891","335","502","100","16","44","297","766","271","163","48","23","41","22","78","26",".311",".385",".474",".859",".163",".346",".368",".143",".086",".023","303.58"
"Ozarks (AR)","ASC","1334","1592","262","380","73","6","40","237","585","247","189","50","11","8","18","28","35",".285",".391",".439",".830",".154",".321",".368",".155",".119",".025","233.64"
"Pacific (OR)","NWC","1349","1594","180","334","50","5","5","164","409","317","174","44","17","10","14","46","28",".248",".348",".303",".651",".056",".315",".300",".199",".109",".003","165.62"
"Pacific Lutheran","NWC","1511","1835","298","449","70","8","21","273","598","234","215","53","29","27","8","33","36",".297",".397",".396",".793",".099",".333",".351",".128",".117",".011","264.23"
"Penn College","NEAC","1128","1327","246","345","56","7","20","220","475","192","145","25","18","11","10","50","26",".306",".391",".421",".812",".115",".348",".358",".145",".109",".015","200.48"
"Penn St. Harrisburg","CAC","1565","1911","365","464","75","19","39","311","694","356","213","82","30","21","19","119","28",".296",".402",".443",".845",".147",".354",".371",".186",".111",".020","310.22"
"Penn St.-Abington","NEAC","1239","1583","344","363","77","9","13","295","497","226","221","81","27","15","10","66","24",".293",".424",".401",".825",".108",".341",".370",".143",".140",".008","249.33"
"Penn St.-Altoona","AMCC","1294","1520","328","438","108","9","25","287","639","212","165","22","18","21","10","41","23",".338",".417",".494",".911",".155",".384",".393",".139",".109",".016","268.82"
"Penn St.-Behrend","AMCC","1422","1673","324","478","115","10","22","286","679","215","140","59","23","29","17","64","29",".336",".412",".477",".889",".141",".377",".384",".129",".084",".013","285.32"
"Penn St.-Berks","NEAC","1194","1538","365","409","62","23","19","298","574","200","238","39","34","33","22","78","28",".343",".456",".481",".937",".138",".387",".403",".130",".155",".012","287.00"
"Pfeiffer","USA South","1294","1582","346","451","79","7","48","309","688","207","197","55","21","15","11","58","22",".349",".449",".532",".981",".183",".380",".424",".131",".125",".030","316.54"
"Piedmont","USA South","1510","1839","320","444","80","21","26","273","644","341","239","43","22","25","28","144","19",".294",".400",".426",".826",".132",".359",".363",".185",".130",".014","293.00"
"Pine Manor","DIII Independent","603","724","105","142","22","3","5","93","185","142","82","27","7","5","7","28","23",".235",".349",".307",".656",".071",".296",".302",".196",".113",".007","72.36"
"Pitt.-Bradford","AMCC","1102","1370","297","357","78","9","20","263","513","198","190","34","20","24","2","30","19",".324",".432",".466",".898",".142",".373",".390",".145",".139",".015","239.51"
"Pitt.-Greensburg","AMCC","1290","1563","346","434","79","14","45","311","676","197","192","43","21","17","5","33","26",".336",".433",".524",".957",".188",".364",".412",".126",".123",".029","297.20"
"Plattsburgh St.","SUNYAC","1202","1419","194","298","45","7","6","158","375","257","146","33","14","24","29","90","22",".248",".342",".312",".654",".064",".306",".295",".181",".103",".004","148.36"
"Plymouth St.","Little East","1121","1394","220","305","50","14","12","189","419","227","153","56","24","40","21","140","19",".272",".380",".374",".754",".102",".323",".331",".163",".110",".009","195.50"
"Pomona-Pitzer","SCIAC","1425","1672","266","411","85","3","26","239","580","255","186","36","22","3","5","15","31",".288",".379",".407",".786",".119",".330",".350",".153",".111",".016","233.27"
"Principia","SLIAC","1141","1358","235","312","63","13","14","189","443","276","162","31","17","7","10","50","21",".273",".374",".388",".762",".115",".343",".340",".203",".119",".010","183.79"
"Puget Sound","NWC","1394","1658","267","402","79","12","18","240","559","236","162","60","20","22","21","38","30",".288",".381",".401",".782",".113",".331",".346",".142",".098",".011","226.79"
"Purchase","Skyline","1093","1347","225","317","68","8","5","191","416","197","174","36","22","22","13","78","17",".290",".398",".381",".779",".091",".342",".346",".146",".129",".004","195.96"
"Ramapo","NJAC","1644","1939","287","464","76","16","14","229","614","309","174","51","17","53","29","60","46",".282",".365",".373",".738",".091",".336",".323",".159",".090",".007","236.73"
"Randolph-Macon","ODAC","1695","2066","438","547","97","13","54","381","832","311","253","56","30","32","21","80","29",".323",".421",".491",".912",".168",".363",".394",".151",".122",".026","366.66"
"Redlands","SCIAC","1569","1920","375","504","123","20","24","324","739","258","235","43","39","34","18","114","29",".321",".415",".471",".886",".150",".362",".381",".134",".122",".013","331.04"
"Rensselaer","Liberty League","1223","1452","182","320","60","4","7","164","409","257","151","28","15","35","18","44","33",".262",".352",".334",".686",".073",".321",".305",".177",".104",".005","156.89"
"Rhode Island Col.","Little East","1270","1510","296","420","78","9","24","248","588","186","157","51","16","16","13","33","31",".331",".420",".463",".883",".132",".368",".387",".123",".104",".016","254.53"
"Rhodes","SAA","1562","1861","314","452","74","6","26","270","616","354","194","49","21","35","27","88","29",".289",".381",".394",".775",".105",".354",".341",".190",".104",".014","257.52"
"Ripon","MWC","1073","1266","175","320","62","6","6","152","412","205","120","34","15","24","20","40","21",".298",".382",".384",".766",".086",".358",".338",".162",".095",".005","169.26"
"RIT","Liberty League","1209","1438","196","311","62","10","20","175","453","263","150","49","12","18","12","27","20",".257",".359",".375",".734",".117",".310",".327",".183",".104",".014","176.80"
"Rivier","Great Northeast","927","1082","151","233","46","4","6","125","305","225","107","26","11","11","7","55","16",".251",".342",".329",".671",".078",".321",".303",".208",".099",".006","120.48"
"Roanoke","ODAC","1522","1823","319","462","90","18","20","279","648","310","206","55","16","24","21","54","22",".304",".402",".426",".828",".122",".366",".364",".170",".113",".011","280.49"
"Rochester (NY)","Liberty League","1199","1437","239","377","66","17","11","209","510","225","146","38","24","30","16","53","21",".314",".399",".425",".824",".111",".371",".358",".157",".102",".008","221.20"
"Rockford","NACC","1288","1486","225","376","63","9","12","195","493","255","131","39","22","6","7","43","26",".292",".369",".383",".752",".091",".349",".335",".172",".088",".008","199.60"
"Roger Williams","CCC","1263","1461","185","307","47","6","8","155","390","252","148","33","3","14","17","62","24",".243",".337",".309",".646",".066",".297",".295",".172",".101",".005","148.85"
"Rose-Hulman","HCAC","1486","1749","254","425","71","12","6","222","538","281","167","50","20","26","11","42","37",".286",".373",".362",".735",".076",".344",".327",".161",".095",".003","221.45"
"Rowan","NJAC","1636","1915","314","505","94","17","17","280","684","275","170","39","24","46","20","61","30",".309",".382",".418",".800",".109",".357",".346",".144",".089",".009","277.59"
"Rutgers-Camden","NJAC","1503","1758","295","474","76","16","13","266","621","264","163","42","15","35","20","56","35",".315",".394",".413",".807",".098",".371",".353",".150",".093",".007","259.15"
"Rutgers-Newark","NJAC","1257","1513","230","338","70","4","12","211","452","286","179","48","13","16","18","51","22",".269",".377",".360",".737",".091",".335",".332",".189",".118",".008","192.30"
"Saint John's (MN)","MIAC","1254","1517","295","427","74","13","16","262","575","181","180","31","25","27","9","37","21",".341",".428",".459",".887",".118",".380",".385",".119",".119",".011","264.52"
"Saint Mary's (MN)","MIAC","1062","1233","168","300","47","11","5","143","384","233","105","25","15","26","13","40","11",".282",".356",".362",".718",".079",".352",".316",".189",".085",".004","153.40"
"Saint Vincent","PAC","1193","1409","194","308","42","3","12","170","392","195","126","50","17","23","13","36","18",".258",".349",".329",".678",".070",".295",".305",".138",".089",".009","157.61"
"Salem St.","MASCAC","1277","1486","234","394","62","19","7","212","515","228","121","45","18","25","17","46","24",".309",".383",".403",".786",".095",".365",".345",".153",".081",".005","212.37"
"Salisbury","CAC","1604","1977","358","495","85","14","37","310","719","265","219","68","22","64","28","85","37",".309",".409",".448",".857",".140",".346",".368",".134",".111",".019","312.83"
"Salve Regina","CCC","1277","1551","265","386","60","2","17","232","501","200","195","40","14","25","20","96","37",".302",".407",".392",".799",".090",".344",".356",".129",".126",".011","230.28"
"Schreiner","SCAC","1302","1578","216","348","56","8","8","194","444","214","162","61","13","40","11","44","27",".267",".371",".341",".712",".074",".311",".318",".136",".103",".005","191.12"
"Scranton","Landmark","1459","1754","310","436","82","13","12","267","580","249","194","53","19","29","19","89","33",".299",".396",".398",".794",".099",".348",".351",".142",".111",".007","256.26"
"Sewanee","SAA","1104","1271","173","308","60","9","20","152","446","191","113","23","14","17","7","19","23",".279",".354",".404",".758",".125",".318",".332",".150",".089",".016","164.13"
"Shenandoah","ODAC","1645","2004","412","542","120","8","29","358","765","277","226","60","28","45","22","82","33",".329",".423",".465",".888",".136",".375",".383",".138",".113",".014","340.91"
"Simpson","American Rivers","1155","1353","179","299","47","8","8","148","386","256","123","32","19","24","16","34","23",".259",".342",".334",".676",".075",".320",".301",".189",".091",".006","144.84"
"Skidmore","Liberty League","1146","1353","162","282","61","10","10","141","393","224","128","49","11","19","10","38","30",".246",".344",".343",".687",".097",".295",".308",".166",".095",".007","146.64"
"Southern Me.","Little East","1620","1843","302","502","90","18","29","269","715","298","132","53","22","16","27","56","33",".310",".376",".441",".817",".131",".360",".357",".162",".072",".016","272.30"
"Southern Va.","CAC","1247","1451","229","375","70","11","21","202","530","258","129","41","11","23","18","66","27",".301",".382",".425",".807",".124",".362",".353",".178",".089",".014","212.21"
"Southern Vt.","NECC","885","1074","180","223","43","8","6","153","300","217","130","35","18","6","10","43","15",".252",".363",".339",".702",".087",".319",".319",".202",".121",".006","128.62"
"Southwestern (TX)","SCAC","1386","1673","248","361","72","15","12","220","499","314","222","45","13","7","20","39","28",".260",".377",".360",".737",".100",".325",".335",".188",".133",".007","209.26"
"Spalding","SLIAC","1439","1722","350","463","89","16","42","307","710","291","178","62","25","18","18","85","24",".322",".413",".493",".906",".172",".372",".392",".169",".103",".024","305.43"
"Springfield","NEWMAC","1359","1610","245","382","59","16","11","219","506","303","191","28","21","11","11","83","20",".281",".376",".372",".748",".091",".348",".335",".188",".119",".007","221.79"
"St. John Fisher","Empire 8","1573","1897","370","483","90","12","49","327","744","303","210","73","19","22","14","46","40",".307",".409",".473",".882",".166",".350",".385",".160",".111",".026","312.02"
"St. Joseph's (Brkln)","Skyline","1026","1177","130","256","38","1","3","108","305","261","101","27","7","16","17","49","26",".250",".331",".297",".628",".048",".329",".285",".222",".086",".003","109.92"
"St. Joseph's (L.I.)","Skyline","1423","1639","268","430","72","23","15","237","593","269","146","28","17","25","8","88","16",".302",".374",".417",".791",".115",".359",".345",".164",".089",".009","246.91"
"St. Joseph's (ME)","Great Northeast","1279","1543","259","381","80","13","17","228","538","252","146","58","16","44","25","100","23",".298",".390",".421",".811",".123",".355",".351",".163",".095",".011","229.44"
"St. Lawrence","Liberty League","1092","1281","180","304","42","15","6","164","394","225","123","41","12","13","14","38","29",".278",".369",".361",".730",".082",".341",".327",".176",".096",".005","159.06"
"St. Mary's (MD)","CAC","1017","1188","187","301","65","10","7","158","407","251","107","29","12","23","6","25","20",".296",".375",".400",".775",".104",".381",".339",".211",".090",".006","162.04"
"St. Norbert","MWC","1260","1549","294","365","74","12","15","252","508","226","171","71","26","21","9","63","26",".290",".397",".403",".800",".113",".335",".354",".146",".110",".010","229.47"
"St. Olaf","MIAC","1096","1301","210","339","51","8","16","181","454","200","141","21","21","22","13","33","22",".309",".392",".414",".806",".105",".358",".353",".154",".108",".012","191.77"
"St. Scholastica","UMAC","1118","1421","308","354","88","18","16","264","526","221","214","50","22","17","5","61","14",".317",".440",".470",".910",".154",".374",".397",".156",".151",".011","258.42"
"St. Thomas (MN)","MIAC","1131","1301","164","317","55","10","12","143","428","220","111","24","13","22","13","32","19",".280",".353",".378",".731",".098",".334",".322",".169",".085",".009","161.54"
"Staten Island","CUNYAC","1034","1236","196","298","79","6","9","167","416","196","141","22","14","25","9","56","21",".288",".381",".402",".783",".114",".343",".343",".159",".114",".007","173.04"
"Stevens","Empire 8","1393","1729","282","385","70","10","19","252","532","294","213","69","22","32","17","62","29",".276",".393",".382",".775",".106",".332",".345",".170",".123",".011","238.96"
"Stevenson","MAC Commonwealth","1311","1614","317","400","90","10","18","254","564","276","183","70","18","32","20","93","24",".305",".413",".430",".843",".125",".369",".369",".171",".113",".011","257.42"
"Stockton","NJAC","980","1136","109","242","29","1","0","98","273","230","117","21","7","11","9","23","34",".247",".338",".279",".617",".032",".320",".284",".202",".103",".000","101.06"
"Suffolk","Great Northeast","1331","1604","226","357","59","12","15","205","485","315","205","34","13","21","27","74","26",".268",".377",".364",".741",".096",".337",".332",".196",".128",".009","205.18"
"Sul Ross St.","ASC","1366","1668","334","444","105","16","27","283","662","254","201","42","27","32","16","77","40",".325",".420",".485",".905",".160",".375",".389",".152",".121",".016","286.39"
"SUNY Canton","Empire 8","1106","1272","149","269","45","7","8","131","352","258","106","36","8","16","20","46","17",".243",".327",".318",".645",".075",".308",".291",".203",".083",".006","125.42"
"SUNY Cortland","SUNYAC","1648","1959","346","496","85","9","21","288","662","237","184","61","21","45","17","46","31",".301",".387",".402",".789",".101",".337",".345",".121",".094",".011","278.18"
"SUNY Maritime","Skyline","1090","1292","245","342","67","3","24","212","487","178","164","17","13","8","19","79","40",".314",".407",".447",".854",".133",".353",".377",".138",".127",".019","204.93"
"SUNY New Paltz","SUNYAC","1091","1281","188","297","48","10","14","156","407","206","117","38","11","24","13","76","23",".272",".360",".373",".733",".101",".321",".324",".161",".091",".011","164.36"
"SUNY Oneonta","SUNYAC","1056","1235","155","265","46","5","21","130","384","247","129","24","5","21","18","33","22",".251",".344",".364",".708",".113",".308",".315",".200",".104",".017","138.35"
"SUNY Poly","NEAC","914","1095","170","263","36","10","2","143","325","201","111","37","8","25","13","41","24",".288",".384",".356",".740",".068",".363",".329",".184",".101",".002","140.57"
"Susquehanna","Landmark","1353","1592","245","387","74","9","20","221","539","235","165","47","12","15","22","57","29",".286",".380",".398",".778",".112",".331",".346",".148",".104",".013","218.53"
"Swarthmore","Centennial","1778","2082","400","555","128","18","44","364","851","286","204","50","27","23","15","74","36",".312",".393",".479",".872",".166",".346",".377",".137",".098",".021","341.96"
"TCNJ","NJAC","1386","1636","283","436","80","13","10","246","572","176","165","34","26","25","13","70","37",".315",".394",".413",".807",".098",".347",".354",".108",".101",".006","244.83"
"Texas Lutheran","SCAC","1835","2184","381","573","122","22","34","336","841","274","218","43","42","46","25","79","27",".312",".390",".458",".848",".146",".344",".364",".125",".100",".016","345.87"
"Texas-Dallas","ASC","1701","2018","402","583","100","15","30","375","803","266","202","55","26","34","10","26","40",".343",".423",".472",".895",".129",".386",".388",".132",".100",".015","348.48"
"Texas-Tyler","ASC","1962","2348","389","614","121","10","28","339","839","310","240","79","23","44","28","108","35",".313",".405",".428",".833",".115",".356",".365",".132",".102",".012","368.34"
"Thiel","PAC","1362","1552","225","405","79","7","17","188","549","221","126","42","15","7","10","42","30",".297",".371",".403",".774",".106",".341",".344",".142",".081",".011","214.26"
"Thomas (ME)","North Atlantic","1073","1212","101","230","41","5","0","85","281","249","83","29","9","18","6","22","26",".214",".286",".262",".548",".048",".276",".249",".205",".068",".000","81.88"
"Thomas More","DIII Independent","1520","1774","333","492","95","23","34","298","735","284","150","48","20","36","12","40","36",".324",".397",".484",".881",".160",".375",".378",".160",".085",".019","292.11"
"Transylvania","HCAC","1282","1504","194","314","70","10","9","158","431","276","160","29","16","17","27","124","22",".245",".338",".336",".674",".091",".301",".303",".184",".106",".006","167.91"
"Trine","MIAA","1276","1473","225","386","56","10","7","195","483","287","113","24","16","44","8","30","33",".303",".366",".379",".745",".076",".380",".323",".195",".077",".005","187.79"
"Trinity (CT)","NESCAC","1064","1272","193","303","58","17","16","172","443","215","156","31","20","1","20","65","30",".285",".386",".416",".802",".132",".336",".356",".169",".123",".013","182.84"
"Trinity (TX)","SCAC","1519","1816","337","474","91","22","30","306","699","233","192","55","32","18","19","62","27",".312",".401",".460",".861",".148",".345",".375",".128",".106",".017","296.52"
"Tufts","NESCAC","1286","1626","341","385","79","7","26","305","556","246","208","90","23","19","11","30","31",".299",".425",".432",".857",".133",".346",".380",".151",".128",".016","259.32"
"UMass Boston","Little East","1636","1993","375","493","101","18","32","333","726","337","247","54","34","22","22","88","32",".301",".403",".444",".847",".142",".354",".370",".169",".124",".016","316.44"
"UMass Dartmouth","Little East","1329","1577","251","385","86","7","27","216","566","294","161","42","24","21","25","71","23",".290",".378",".426",".804",".136",".347",".352",".186",".102",".017","226.31"
"Union (NY)","Liberty League","1497","1766","364","517","115","13","31","335","751","254","165","39","34","31","28","83","34",".345",".416",".502",".918",".156",".390",".392",".144",".093",".018","312.31"
"Ursinus","Centennial","1171","1379","220","348","70","5","17","190","479","245","112","52","13","31","11","30","14",".297",".380",".409",".789",".112",".359",".345",".178",".081",".012","195.43"
"Utica","Empire 8","960","1107","197","284","52","7","14","163","392","198","117","20","9","1","10","24","17",".296",".381",".408",".789",".113",".357",".352",".179",".106",".013","157.56"
"Va. Wesleyan","ODAC","1664","1975","336","490","96","12","29","286","697","365","214","46","23","28","36","105","37",".294",".385",".419",".804",".124",".357",".353",".185",".108",".015","284.56"
"Valley Forge","CSAC","841","1009","173","252","41","9","10","155","341","177","112","35","10","11","13","49","23",".300",".400",".405",".805",".106",".364",".358",".175",".111",".010","148.81"
"Vassar","Liberty League","1150","1354","202","320","67","8","15","177","448","217","112","46","19","27","16","42","22",".278",".360",".390",".750",".111",".326",".328",".160",".083",".011","172.50"
"Wabash","NCAC","1702","2046","342","507","107","24","8","295","686","264","227","58","27","32","12","72","35",".298",".393",".403",".796",".105",".342",".351",".129",".111",".004","299.78"
"Wartburg","American Rivers","1336","1550","241","362","46","8","11","203","457","221","136","41","10","27","14","76","24",".271",".354",".342",".696",".071",".315",".311",".143",".088",".007","186.03"
"Wash. & Jeff.","PAC","1495","1758","301","447","87","20","27","253","655","248","172","47","25","19","21","76","43",".299",".383",".438",".821",".139",".337",".359",".141",".098",".015","260.38"
"Wash. & Lee","ODAC","1280","1458","182","339","67","6","11","152","451","262","133","23","7","15","4","20","32",".265",".343",".352",".695",".088",".323",".311",".180",".091",".008","162.45"
"Washington Col.","Centennial","1305","1553","278","371","58","12","16","243","501","253","166","40","20","22","21","60","34",".284",".377",".384",".761",".100",".336",".337",".163",".107",".010","205.48"
"WashU","UAA","1157","1394","209","317","53","7","4","171","396","252","144","48","19","26","14","56","20",".274",".372",".342",".714",".068",".340",".320",".181",".103",".003","172.89"
"Waynesburg","PAC","1025","1207","161","289","54","3","15","143","394","190","122","36","11","13","12","32","21",".282",".374",".384",".758",".102",".330",".338",".157",".101",".012","159.38"
"Webster","SLIAC","1567","1869","367","503","103","11","28","316","712","264","165","64","34","39","33","123","21",".321",".400",".454",".854",".133",".363",".368",".141",".088",".015","306.21"
"Wells","NEAC","1092","1325","227","306","55","22","9","199","432","196","156","49","19","9","13","36","19",".280",".388",".396",".784",".115",".328",".350",".148",".118",".007","187.81"
"Wentworth","CCC","905","1077","157","255","37","8","8","135","332","184","105","33","9","25","13","42","29",".282",".374",".367",".741",".085",".342",".328",".171",".097",".007","134.64"
"Wesley","Atlantic East","1100","1295","205","316","50","4","20","176","434","179","121","39","9","26","17","44","26",".287",".375",".395",".770",".107",".325",".339",".138",".093",".015","173.29"
"Wesleyan (CT)","NESCAC","1252","1521","267","372","73","13","11","242","504","209","176","60","18","15","10","31","37",".297",".404",".403",".807",".105",".344",".359",".137",".116",".007","220.91"
"Western Conn. St.","Little East","1174","1315","203","360","75","5","18","175","499","222","99","25","8","9","14","30","25",".307",".371",".425",".796",".118",".363",".350",".169",".075",".014","185.38"
"Western New Eng.","CCC","1501","1907","396","443","102","10","18","349","619","279","266","92","32","16","23","115","28",".295",".424",".412",".836",".117",".344",".373",".146",".139",".009","305.95"
"Westfield St.","MASCAC","1404","1650","272","416","82","14","30","244","616","264","166","44","19","17","11","38","22",".296",".383",".439",".822",".142",".342",".360",".160",".101",".018","249.05"
"Westminster (MO)","SLIAC","1144","1350","240","355","61","7","37","225","541","186","137","37","12","20","10","52","16",".310",".398",".473",".871",".163",".341",".378",".138",".101",".027","226.08"
"Westminster (PA)","PAC","993","1142","175","297","59","8","9","155","399","133","82","33","15","19","10","36","13",".299",".367",".402",".769",".103",".333",".336",".116",".072",".008","158.14"
"Wheaton (IL)","CCIW","1296","1501","211","352","62","15","6","181","462","225","138","36","15","16","18","74","25",".272",".354",".356",".710",".085",".320",".317",".150",".092",".004","182.74"
"Wheaton (MA)","NEWMAC","1407","1661","286","429","96","19","17","252","614","241","169","39","24","22","13","49","19",".305",".389",".436",".825",".131",".351",".360",".145",".102",".010","255.04"
"Whitman","NWC","1285","1552","208","335","55","5","21","179","463","252","150","67","21","29","16","35","24",".261",".362",".360",".722",".100",".304",".322",".162",".097",".014","187.39"
"Whittier","SCIAC","1309","1563","251","382","71","7","19","217","524","272","154","39","19","42","12","46","31",".292",".378",".400",".778",".108",".350",".339",".174",".099",".012","212.97"
"Whitworth","NWC","1300","1488","195","343","67","3","20","175","476","235","132","28","12","16","10","40","33",".264",".342",".366",".708",".102",".306",".315",".158",".089",".013","170.69"
"Widener","MAC Commonwealth","1233","1470","220","354","83","6","15","184","494","210","140","37","20","40","19","73","28",".287",".371",".401",".772",".114",".330",".335",".143",".095",".010","197.48"
"Wilkes","MAC Freedom","1090","1319","227","309","60","3","11","203","408","242","168","35","20","6","6","51","26",".283",".390",".374",".764",".091",".348",".345",".183",".127",".008","182.55"
"Willamette","NWC","1679","2019","323","481","97","16","38","286","724","293","216","45","33","46","20","75","32",".286",".376",".431",".807",".145",".321",".349",".145",".107",".019","291.61"
"William Peace","USA South","1198","1402","185","323","58","11","7","160","424","251","131","35","18","20","16","55","25",".270",".354",".354",".708",".084",".330",".315",".179",".093",".005","165.99"
"Williams","NESCAC","955","1120","147","258","55","9","10","128","361","175","110","31","8","16","8","40","22",".270",".361",".378",".739",".108",".319",".328",".156",".098",".009","141.35"
"Wilmington (OH)","OAC","1261","1443","196","324","61","8","14","173","443","253","99","40","8","35","12","33","21",".257",".329",".351",".680",".094",".309",".299",".175",".069",".010","154.37"
"Wis. Lutheran","NACC","1185","1345","135","292","47","3","5","113","360","228","113","28","13","6","10","48","26",".246",".323",".304",".627",".057",".297",".286",".170",".084",".004","129.15"
"Wis.-La Crosse","WIAC","1356","1587","246","382","78","1","23","224","531","249","150","50","10","21","16","37","30",".282",".372",".392",".764",".110",".328",".339",".157",".095",".014","207.69"
"Wis.-Oshkosh","WIAC","1582","1828","343","509","111","14","31","312","741","249","140","60","33","13","18","72","32",".322",".391",".468",".859",".147",".358",".373",".136",".077",".017","297.19"
"Wis.-Platteville","WIAC","1394","1691","270","381","83","11","12","233","522","379","195","78","17","7","14","46","24",".273",".388",".374",".762",".101",".362",".345",".224",".115",".007","228.53"
"Wis.-Stevens Point","WIAC","1165","1358","200","320","67","9","16","183","453","238","126","32","20","15","26","51","23",".275",".356",".389",".745",".114",".327",".329",".175",".093",".012","168.71"
"Wis.-Stout","WIAC","1263","1440","186","348","50","9","11","159","449","225","117","31","13","16","16","42","27",".276",".348",".356",".704",".080",".324",".314",".156",".081",".008","168.16"
"Wis.-Superior","UMAC","1263","1440","277","406","67","16","32","238","601","219","116","41","13","7","27","69","29",".321",".393",".476",".869",".154",".365",".380",".152",".081",".022","235.64"
"Wis.-Whitewater","WIAC","1403","1642","375","490","87","22","45","327","756","186","150","43","34","12","31","117","24",".349",".419",".539",".958",".190",".369",".411",".113",".091",".027","319.68"
"Wittenberg","NCAC","1330","1557","244","379","80","7","14","211","515","231","155","43","8","21","12","42","27",".285",".376",".387",".763",".102",".334",".339",".148",".100",".009","208.02"
"Wm. Paterson","NJAC","1308","1561","243","373","63","20","9","198","503","245","146","55","17","35","15","36","32",".285",".376",".385",".761",".099",".340",".334",".157",".094",".006","204.61"
"Wooster","NCAC","1888","2259","516","658","139","27","55","473","1016","264","250","62","33","26","21","87","34",".349",".434",".538",".972",".190",".376",".417",".117",".111",".024","442.19"
"Worcester St.","MASCAC","1172","1367","183","305","51","4","14","154","406","253","127","35","11","22","20","44","19",".260",".347",".346",".693",".086",".318",".310",".185",".093",".010","153.90"
"WPI","NEWMAC","1268","1437","254","396","83","10","34","226","601","261","127","22","15","5","12","53","22",".312",".381",".474",".855",".162",".366",".373",".182",".088",".024","231.34"
"Yeshiva","Skyline","750","879","104","157","14","15","1","80","204","244","98","20","7","4","12","51","15",".209",".314",".272",".586",".063",".305",".272",".278",".111",".001","75.39"
"York (PA)","CAC","1468","1766","374","478","109","4","37","335","706","267","188","64","27","19","5","27","28",".326",".418",".481",".899",".155",".370",".391",".151",".106",".021","304.65"