"team","conference","era","ip","ab","bf","h","2b","3b","hr","r","er","bb","k","kl","wp","ibb","bk","hbp","sh","sf","go","fo","sho","avg","obp","slg","ops","babip","k/9","bb/9","k/bb","hr9","k%","bb%","whip","fip"
"Adrian","MIAA","4.18","385.2","1516","1761","389","70","4","17","243","179","165","373","97","33","0","3","44","20","16","345","380","4",".257",".343",".342",".685",".326","8.7","3.9","2.3","0.4",".212",".094","1.44","4.12"
"Albertus Magnus","Great Northeast","7.13","205.2","851","1012","255","51","17","10","201","163","104","127","39","18","1","2","33","14","10","241","217","3",".300",".393",".435",".828",".338","5.6","4.6","1.2","0.4",".125",".103","1.75","5.25"
"Albion","MIAA","6.60","316.1","1345","1520","460","94","14","18","284","232","106","235","82","32","2","5","30","21","18","345","308","3",".342",".398",".473",".870",".398","6.7","3.0","2.2","0.5",".155",".070","1.79","4.40"
"Albright","MAC Commonwealth","6.34","251.1","1066","1239","347","64","10","20","240","177","112","151","54","33","1","1","25","21","15","259","302","0",".326",".397",".461",".858",".359","5.4","4.0","1.3","0.7",".122",".090","1.83","5.33"
"Alfred St.","AMCC","6.86","308.1","1263","1544","386","85","15","13","292","235","185","225","72","48","5","7","62","18","15","292","345","2",".306",".415",".428",".843",".359","6.6","5.4","1.2","0.4",".146",".120","1.85","5.35"
"Allegheny","NCAC","5.74","323","1385","1610","440","85","12","7","296","206","144","254","85","25","0","4","43","19","19","318","325","2",".318",".394",".412",".806",".379","7.1","4.0","1.8","0.2",".158",".089","1.81","4.30"
"Alma","MIAA","4.29","342.1","1368","1562","381","78","13","7","211","163","121","261","74","27","3","2","35","24","14","367","347","3",".279",".349",".370",".719",".336","6.9","3.2","2.2","0.2",".167",".077","1.47","3.96"
"Alvernia","MAC Commonwealth","4.05","346.1","1320","1537","361","52","9","20","196","156","118","262","94","46","1","3","48","34","17","400","307","5",".273",".351",".372",".723",".323","6.8","3.1","2.2","0.5",".170",".077","1.38","4.53"
"Amherst","NESCAC","3.53","323.2","1207","1454","280","59","8","12","178","127","174","252","82","42","1","4","42","14","17","322","343","1",".232",".344",".324",".668",".279","7.0","4.8","1.4","0.3",".173",".120","1.41","4.78"
"Anderson (IN)","HCAC","5.20","385.2","1488","1832","404","73","18","15","277","223","218","342","108","62","16","5","83","26","14","389","351","0",".272",".391",".375",".766",".340","8.0","5.1","1.6","0.3",".187",".119","1.61","4.93"
"Anna Maria","Great Northeast","6.34","298","1178","1466","335","63","14","13","260","210","202","253","70","40","9","3","54","18","14","285","294","1",".284",".408",".395",".803",".348","7.6","6.1","1.3","0.4",".173",".138","1.80","5.30"
"Arcadia","MAC Commonwealth","5.31","398","1637","1888","501","90","11","19","309","235","158","250","97","39","7","2","41","33","19","413","467","2",".306",".377",".409",".787",".348","5.7","3.6","1.6","0.4",".132",".084","1.66","4.72"
"Augsburg","MIAC","5.87","280.2","1161","1339","368","67","13","12","229","183","103","177","45","27","4","7","36","18","20","291","318","1",".317",".384",".428",".812",".359","5.7","3.3","1.7","0.4",".132",".077","1.68","4.64"
"Augustana (IL)","CCIW","3.59","353","1403","1571","377","58","4","10","197","141","109","252","88","31","0","1","27","15","16","345","410","4",".269",".330",".337",".667",".317","6.4","2.8","2.3","0.3",".160",".069","1.38","3.95"
"Aurora","NACC","3.41","385.1","1500","1703","384","68","10","12","194","146","126","312","77","30","2","4","45","25","6","430","358","6",".256",".331",".339",".670",".315","7.3","2.9","2.5","0.3",".183",".074","1.32","3.97"
"Austin","SCAC","9.05","246.2","1025","1321","333","60","19","32","297","248","187","118","40","49","0","11","56","27","26","272","313","0",".325",".445",".514",".959",".334","4.3","6.8","0.6","1.2",".089",".142","2.11","7.55"
"Averett","USA South","5.99","329","1313","1619","365","80","9","17","299","219","204","242","77","39","4","0","50","31","20","318","383","2",".278",".390",".391",".782",".324","6.6","5.6","1.2","0.5",".149",".126","1.73","5.37"
"Babson","NEWMAC","3.81","411.1","1608","1819","414","61","4","21","219","174","135","317","99","25","0","6","47","16","13","423","431","4",".257",".331",".340",".670",".306","6.9","3.0","2.3","0.5",".174",".074","1.33","4.30"
"Baldwin Wallace","OAC","3.57","416","1593","1845","394","73","11","25","211","165","179","349","102","34","1","2","41","23","8","424","410","3",".247",".337",".354",".691",".301","7.5","3.9","1.9","0.5",".189",".097","1.38","4.54"
"Bard","Liberty League","6.40","280","1133","1418","344","64","17","8","259","199","194","205","68","42","1","4","42","25","24","311","277","2",".304",".416",".411",".828",".356","6.6","6.2","1.1","0.3",".145",".137","1.92","5.29"
"Baruch","CUNYAC","6.23","244.1","1040","1212","335","68","23","6","222","169","106","225","79","34","6","4","24","25","17","250","213","2",".322",".392",".449",".841",".398","8.3","3.9","2.1","0.2",".186",".087","1.81","3.93"
"Bates","NESCAC","4.97","277.1","1081","1202","288","55","8","11","178","153","122","222","65","28","2","4","29","20","12","270","261","3",".266",".353",".363",".716",".322","7.2","4.0","1.8","0.4",".185",".101","1.48","4.40"
"Becker","NECC","7.40","298","1300","1571","425","74","12","20","339","245","166","194","59","58","2","8","59","13","31","288","362","0",".327",".418",".448",".866",".363","5.9","5.0","1.2","0.6",".123",".106","1.98","5.69"
"Belhaven","ASC","6.59","318.1","1336","1616","407","61","8","17","313","233","183","242","72","37","3","5","58","18","21","320","329","2",".305",".406",".400",".806",".355","6.8","5.2","1.3","0.5",".150",".113","1.85","5.30"
"Beloit","MWC","4.83","320.1","1243","1479","342","63","6","21","215","172","144","204","68","22","3","16","45","31","15","354","346","3",".275",".367",".386",".753",".311","5.7","4.0","1.4","0.6",".138",".097","1.52","5.21"
"Benedictine (IL)","NACC","4.74","343.1","1338","1521","352","82","18","17","215","181","109","250","71","32","8","4","31","21","21","349","387","4",".263",".328",".389",".718",".307","6.6","2.9","2.3","0.4",".164",".072","1.34","4.27"
"Berea","USA South","9.16","274","1153","1420","431","91","22","15","353","279","182","169","45","37","2","2","46","22","22","231","304","0",".374",".470",".530","1.000",".420","5.6","6.0","0.9","0.5",".119",".128","2.24","5.83"
"Berry","SAA","4.19","354.2","1370","1563","359","47","7","17","205","165","129","368","127","35","1","1","30","19","15","318","321","4",".262",".335",".344",".679",".342","9.4","3.3","2.9","0.4",".235",".083","1.38","3.75"
"Bethany (WV)","PAC","6.26","277.2","1212","1375","412","87","11","19","248","193","99","141","41","26","0","0","28","12","23","306","343","0",".340",".396",".477",".873",".366","4.6","3.2","1.4","0.6",".103",".072","1.84","5.10"
"Bethany Lutheran","UMAC","4.79","272.1","1097","1300","321","58","10","16","184","145","134","240","81","51","3","2","43","14","11","256","272","2",".293",".388",".407",".795",".358","7.9","4.4","1.8","0.5",".185",".103","1.67","4.81"
"Bethel (MN)","MIAC","1.98","340.1","1246","1397","281","37","2","8","95","75","89","254","69","9","3","1","37","16","9","382","326","8",".226",".295",".278",".572",".275","6.7","2.4","2.9","0.2",".182",".064","1.09","3.78"
"Birmingham-So.","SAA","5.73","328","1333","1562","404","64","12","22","274","209","134","288","82","41","0","2","54","28","13","350","286","2",".303",".386",".419",".805",".369","7.9","3.7","2.1","0.6",".184",".086","1.64","4.69"
"Blackburn","SLIAC","8.28","293.1","1343","1597","464","103","17","25","402","270","175","213","69","69","1","6","44","10","24","278","334","0",".345",".431",".503",".934",".389","6.5","5.4","1.2","0.8",".133",".110","2.18","5.75"
"Bluffton","HCAC","4.75","331.1","1336","1570","367","71","13","11","238","175","128","209","62","34","1","2","57","27","22","328","415","2",".275",".358",".372",".730",".313","5.7","3.5","1.6","0.3",".133",".082","1.50","4.70"
"Bowdoin","NESCAC","4.74","263.2","1047","1212","294","56","9","6","173","139","93","208","69","18","4","4","43","14","14","292","248","0",".281",".359",".369",".728",".340","7.1","3.2","2.2","0.2",".172",".077","1.47","4.12"
"Brandeis","UAA","8.09","223.2","951","1142","320","53","9","32","248","201","121","171","60","29","0","7","34","19","17","212","254","0",".336",".423",".512",".935",".376","6.9","4.9","1.4","1.3",".150",".106","1.98","6.27"
"Brevard","USA South","7.12","277","1166","1428","373","74","12","18","323","219","146","255","74","55","1","3","77","19","20","231","284","0",".320",".423",".450",".873",".389","8.3","4.7","1.7","0.6",".179",".102","1.87","5.27"
"Bridgewater (VA)","ODAC","4.77","338","1351","1565","394","53","10","24","230","179","139","271","83","37","1","6","36","24","15","348","334","3",".292",".369",".399",".768",".345","7.2","3.7","1.9","0.6",".173",".089","1.58","4.73"
"Bridgewater St.","MASCAC","5.40","203.1","835","993","244","44","8","8","167","122","100","139","58","31","4","5","29","17","11","219","222","1",".292",".383",".393",".775",".338","6.2","4.4","1.4","0.4",".140",".101","1.69","4.90"
"Brockport","SUNYAC","4.85","311.2","1219","1437","332","55","12","20","221","168","146","244","85","29","3","3","32","26","13","369","278","1",".272",".362",".386",".748",".322","7.1","4.2","1.7","0.6",".170",".102","1.54","4.84"
"Buena Vista","American Rivers","6.97","308.2","1270","1517","393","72","13","24","296","239","165","196","55","49","0","7","45","18","19","302","374","2",".309",".402",".443",".846",".345","5.7","4.8","1.2","0.7",".129",".109","1.81","5.64"
"Cabrini","Atlantic East","5.39","305.1","1224","1429","369","70","8","23","210","183","143","160","37","40","2","3","33","15","14","358","338","1",".301",".385",".428",".814",".328","4.7","4.2","1.1","0.7",".112",".100","1.68","5.52"
"Cairn","CSAC","4.95","274.2","1091","1289","309","54","8","5","181","151","140","204","59","16","1","4","38","9","10","314","244","0",".283",".381",".361",".742",".341","6.7","4.6","1.5","0.2",".158",".109","1.64","4.55"
"Cal Lutheran","SCIAC","3.84","346.2","1379","1549","387","59","8","17","202","148","104","308","81","20","1","0","29","21","14","329","350","3",".281",".341",".372",".713",".346","8.0","2.7","3.0","0.4",".199",".067","1.42","3.87"
"Caltech","SCIAC","8.24","289.1","1187","1524","387","81","22","22","347","265","212","197","52","63","0","10","81","17","25","321","283","1",".326",".452",".487",".939",".368","6.1","6.6","0.9","0.7",".129",".139","2.07","6.52"
"Calvin","MIAA","5.18","321.2","1336","1532","405","50","6","21","252","185","134","261","77","36","2","8","25","25","12","343","308","3",".303",".374",".397",".771",".360","7.3","3.8","1.9","0.6",".170",".087","1.68","4.57"
"Capital","OAC","4.25","330.1","1260","1477","337","53","4","10","187","156","151","245","68","32","5","1","27","31","8","349","338","2",".267",".356",".340",".696",".323","6.7","4.1","1.6","0.3",".166",".102","1.48","4.38"
"Carleton","MIAC","5.94","230.1","911","1112","276","49","7","8","186","152","119","124","31","15","0","3","44","16","20","233","283","0",".303",".401",".398",".800",".335","4.8","4.7","1.0","0.3",".112",".107","1.72","5.35"
"Carroll (WI)","CCIW","5.79","321.2","1317","1559","396","79","7","35","272","207","158","237","66","36","2","4","39","21","23","314","354","2",".301",".386",".451",".837",".338","6.6","4.4","1.5","1.0",".152",".101","1.73","5.64"
"Carthage","CCIW","4.89","364.2","1441","1700","405","76","13","20","245","198","156","247","83","42","0","13","64","17","22","399","376","3",".281",".371",".393",".765",".322","6.1","3.9","1.6","0.5",".145",".092","1.54","5.03"
"Castleton","Little East","3.87","323.1","1253","1480","336","46","5","13","185","139","164","265","85","47","0","5","26","21","15","331","317","1",".268",".361",".344",".705",".326","7.4","4.6","1.6","0.4",".179",".111","1.55","4.50"
"Catholic","Landmark","4.84","382.2","1464","1794","380","79","5","13","254","206","235","377","113","40","9","7","53","19","22","371","335","2",".260",".377",".347",".724",".335","8.9","5.5","1.6","0.3",".210",".131","1.61","4.58"
"Cazenovia","NEAC","7.43","229","962","1160","306","59","17","4","262","189","128","172","47","38","0","9","34","16","19","243","224","1",".318",".409",".427",".837",".375","6.8","5.0","1.3","0.2",".148",".110","1.90","4.70"
"CCNY","CUNYAC","7.40","236","1007","1234","332","63","15","10","259","194","149","159","43","33","4","5","36","19","23","212","259","1",".330",".426",".452",".877",".374","6.1","5.7","1.1","0.4",".129",".121","2.04","5.41"
"Centenary (LA)","SCAC","3.14","364","1374","1580","357","60","3","12","167","127","108","270","79","19","2","4","51","30","17","411","351","8",".260",".333",".334",".667",".311","6.7","2.7","2.5","0.3",".171",".068","1.28","4.11"
"Centenary (NJ)","CSAC","8.46","233","998","1185","342","95","23","24","253","219","134","159","47","21","0","5","26","11","15","270","217","0",".343",".428",".556",".984",".383","6.1","5.2","1.2","0.9",".134",".113","2.04","5.89"
"Central (IA)","American Rivers","5.34","313.2","1256","1455","369","81","9","14","226","186","119","271","84","38","0","7","38","24","18","352","264","2",".294",".368",".406",".774",".359","7.8","3.4","2.3","0.4",".186",".082","1.56","4.21"
"Centre","SAA","5.66","327.2","1340","1586","414","73","7","20","263","206","162","263","80","44","0","6","39","25","18","313","353","2",".309",".394",".419",".813",".367","7.2","4.5","1.6","0.6",".166",".102","1.76","4.88"
"Chapman","SCIAC","3.33","416","1519","1802","350","70","6","10","185","154","191","405","108","77","2","2","59","21","12","441","317","9",".230",".337",".304",".641",".305","8.8","4.1","2.1","0.2",".225",".106","1.30","4.02"
"Chatham","PAC","7.37","240.2","1028","1212","339","55","18","12","241","197","115","143","45","36","2","4","38","15","16","230","308","0",".330",".411",".453",".864",".368","5.4","4.3","1.2","0.5",".118",".095","1.89","5.22"
"Chicago","MWC","4.03","310.1","1189","1378","308","52","4","16","171","139","135","309","99","40","0","3","27","13","14","270","292","5",".259",".344",".350",".694",".333","9.0","3.9","2.3","0.5",".224",".098","1.43","4.10"
"Chris. Newport","CAC","3.88","419.1","1613","1836","404","71","5","36","212","181","141","463","120","32","2","2","47","29","6","402","333","5",".250",".328",".368",".695",".329","9.9","3.0","3.3","0.8",".252",".077","1.30","4.11"
"Claremont-M-S","SCIAC","5.85","346","1448","1678","453","100","11","15","298","225","144","248","67","58","3","1","42","22","22","347","384","0",".313",".386",".428",".814",".363","6.5","3.7","1.7","0.4",".148",".086","1.73","4.60"
"Clark (MA)","NEWMAC","4.01","334.1","1296","1463","348","63","7","16","191","149","118","218","77","16","2","3","26","13","10","378","337","1",".269",".339",".365",".704",".310","5.9","3.2","1.8","0.4",".149",".081","1.40","4.47"
"Clarks Summit","CSAC","14.21","220.1","1123","1371","465","108","23","29","419","348","172","84","32","34","0","3","47","10","19","268","276","0",".414",".503",".629","1.131",".424","3.4","7.0","0.5","1.2",".061",".125","2.89","7.79"
"Clarkson","Liberty League","3.61","249","969","1084","261","46","8","17","129","100","64","208","62","17","8","4","22","18","11","264","233","2",".269",".326",".386",".711",".323","7.5","2.3","3.3","0.6",".192",".059","1.30","4.11"
"CMSV","Skyline","8.33","267","1137","1359","392","94","13","25","287","247","145","187","60","22","0","5","41","23","13","270","279","3",".345",".433",".516",".949",".391","6.3","4.9","1.3","0.8",".138",".107","2.01","5.76"
"Coast Guard","NEWMAC","6.84","247.1","975","1213","281","45","9","18","224","188","157","159","55","38","0","6","46","16","19","288","244","2",".288",".404",".408",".813",".322","5.8","5.7","1.0","0.7",".131",".129","1.77","5.98"
"Cobleskill St.","NEAC","8.56","217.2","956","1206","331","67","18","5","301","207","170","150","50","52","1","10","42","18","19","235","225","0",".346",".457",".470",".927",".398","6.2","7.0","0.9","0.2",".124",".141","2.31","5.70"
"Coe","American Rivers","4.26","355.1","1356","1626","338","70","3","11","224","168","167","268","94","47","0","5","59","31","13","378","354","5",".249",".354",".330",".683",".300","6.8","4.2","1.6","0.3",".165",".103","1.42","4.66"
"Colby","NESCAC","6.88","233","962","1079","299","50","11","19","224","178","133","218","63","31","6","7","36","15","13","216","189","0",".311",".409",".445",".854",".379","8.4","5.1","1.6","0.7",".202",".123","1.85","5.22"
"Colby-Sawyer","Great Northeast","6.71","210.2","895","1085","279","64","10","6","217","157","115","127","49","39","1","7","44","17","14","216","257","1",".312",".410",".426",".836",".352","5.4","4.9","1.1","0.3",".117",".106","1.87","5.29"
"Concordia (TX)","ASC","5.09","401.1","1554","1862","411","86","9","18","277","227","208","324","78","40","3","0","50","31","18","433","396","2",".264",".366",".366",".732",".320","7.3","4.7","1.6","0.4",".174",".112","1.54","4.75"
"Concordia Chicago","NACC","3.79","489.2","1857","2150","469","76","5","15","246","206","179","338","120","37","1","5","63","31","20","514","528","4",".253",".336",".323",".659",".298","6.2","3.3","1.9","0.3",".157",".083","1.32","4.36"
"Concordia Wisconsin","NACC","5.02","354.2","1388","1637","367","75","9","18","225","198","162","209","61","43","6","2","52","13","21","342","457","3",".264",".358",".370",".728",".295","5.3","4.1","1.3","0.5",".128",".099","1.49","5.15"
"Concordia-M'head","MIAC","4.67","283.1","1087","1315","296","50","8","8","182","147","141","184","57","25","1","7","40","25","21","326","287","2",".272",".370",".355",".725",".314","5.8","4.5","1.3","0.3",".140",".107","1.54","4.84"
"Cornell College","MWC","5.62","309","1306","1553","412","79","29","15","275","193","150","234","70","53","2","1","57","17","22","305","337","0",".315",".403",".455",".858",".368","6.8","4.4","1.6","0.4",".151",".097","1.82","4.98"
"Covenant","USA South","6.65","304.2","1249","1504","369","62","12","23","280","225","180","237","91","82","1","8","45","15","15","304","316","0",".295",".399",".420",".818",".345","7.0","5.3","1.3","0.7",".158",".120","1.80","5.50"
"Crown (MN)","UMAC","8.89","210.2","945","1136","315","57","9","19","265","208","118","150","40","37","2","2","56","3","14","190","253","1",".333",".432",".473",".905",".375","6.4","5.1","1.3","0.8",".132",".104","2.06","6.09"
"Curry","CCC","5.05","208.2","855","1012","264","51","4","6","172","117","95","156","40","22","3","2","33","13","15","210","214","1",".309",".393",".399",".792",".364","6.7","4.1","1.6","0.3",".154",".094","1.72","4.58"
"CWRU","UAA","3.64","348.1","1309","1531","325","58","11","7","169","141","156","230","77","46","0","1","35","17","14","371","376","3",".248",".341",".325",".666",".293","5.9","4.0","1.5","0.2",".150",".102","1.38","4.44"
"D'Youville","AMCC","9.21","204.1","929","1123","348","63","15","15","261","209","133","95","26","20","0","2","34","10","16","227","252","1",".375",".463",".523",".986",".399","4.2","5.9","0.7","0.7",".085",".118","2.36","6.33"
"Dallas","SCAC","6.51","301.1","1212","1494","384","75","23","17","280","218","183","186","52","47","3","18","58","26","14","362","275","0",".317",".426",".459",".885",".359","5.6","5.5","1.0","0.5",".124",".122","1.88","5.75"
"Defiance","HCAC","6.91","280","1148","1412","367","61","6","22","263","215","175","158","43","43","1","4","54","20","15","245","369","3",".320",".428",".441",".869",".351","5.1","5.6","0.9","0.7",".112",".124","1.94","6.20"
"Delaware Valley","MAC Freedom","5.60","249","1057","1267","327","60","6","12","215","155","151","151","42","24","1","4","26","20","13","284","271","2",".309",".404",".412",".816",".347","5.5","5.5","1.0","0.4",".119",".119","1.92","5.40"
"Denison","NCAC","3.81","395","1539","1756","427","74","9","16","209","167","126","269","80","29","7","2","53","22","16","408","438","5",".277",".349",".368",".718",".324","6.1","2.9","2.1","0.4",".153",".072","1.40","4.38"
"DePauw","NCAC","6.59","304.1","1257","1487","394","93","19","23","280","223","135","255","75","35","4","8","60","21","14","319","288","2",".313",".402",".473",".874",".374","7.5","4.0","1.9","0.7",".171",".091","1.74","5.08"
"DeSales","MAC Freedom","3.51","363.2","1426","1674","380","61","7","9","204","142","155","302","100","39","1","1","42","38","13","404","331","3",".266",".353",".338",".691",".329","7.5","3.8","1.9","0.2",".180",".093","1.47","4.14"
"Dickinson","Centennial","6.64","280.2","1160","1428","340","80","12","18","286","207","192","242","73","29","2","4","42","17","17","296","256","2",".293",".407",".429",".836",".351","7.8","6.2","1.3","0.6",".169",".134","1.90","5.47"
"Dominican (IL)","NACC","4.51","295.2","1160","1331","324","69","6","8","181","148","106","195","59","17","0","3","28","20","17","295","346","4",".279",".349",".370",".719",".324","5.9","3.2","1.8","0.2",".147",".080","1.46","4.25"
"Drew","Landmark","5.75","328.2","1334","1571","432","60","5","21","255","210","143","238","64","23","3","12","48","27","16","330","339","0",".324",".404",".424",".828",".377","6.5","3.9","1.7","0.6",".151",".091","1.75","4.98"
"Dubuque","American Rivers","3.60","372.1","1462","1607","380","69","14","11","181","149","83","292","60","14","4","4","24","22","16","414","361","4",".260",".307",".349",".656",".314","7.1","2.0","3.5","0.3",".182",".052","1.24","3.53"
"Earlham","HCAC","3.56","329","1302","1472","342","52","6","6","184","130","103","270","80","27","4","2","34","21","11","362","308","2",".263",".330",".326",".656",".324","7.4","2.8","2.6","0.2",".183",".070","1.35","3.70"
"East Tex. Baptist","ASC","4.10","348.2","1356","1587","359","60","7","28","216","159","153","275","91","30","2","2","49","18","10","348","361","3",".265",".358",".381",".739",".311","7.1","4.0","1.8","0.7",".173",".096","1.47","5.06"
"East. Mennonite","ODAC","5.75","328.2","1371","1567","429","70","11","27","252","210","132","229","64","29","3","5","25","25","14","361","344","0",".313",".380",".439",".819",".356","6.3","3.6","1.7","0.7",".146",".084","1.71","4.96"
"Eastern","MAC Freedom","6.90","270","1119","1372","354","76","9","9","246","207","171","222","75","31","3","6","46","15","20","236","303","0",".316",".421",".424",".846",".380","7.4","5.7","1.3","0.3",".162",".125","1.94","5.05"
"Eastern Conn. St.","Little East","5.31","357.1","1412","1632","396","61","14","13","255","211","145","289","82","37","0","3","42","17","16","419","299","5",".280",".361",".371",".732",".340","7.3","3.7","2.0","0.3",".177",".089","1.51","4.28"
"Eastern Nazarene","NECC","5.42","265.2","1029","1263","288","45","5","10","206","160","139","187","60","38","1","5","66","17","12","261","282","2",".280",".396",".362",".758",".329","6.3","4.7","1.3","0.3",".148",".110","1.61","5.25"
"Edgewood","NACC","6.15","305.2","1229","1536","363","59","5","10","277","209","227","258","82","47","0","5","34","21","23","279","320","1",".295",".412",".376",".788",".359","7.6","6.7","1.1","0.3",".168",".148","1.93","5.16"
"Elizabethtown","Landmark","5.69","336.2","1383","1612","441","84","11","17","268","213","134","235","73","31","1","1","39","28","27","356","356","0",".319",".388",".432",".820",".366","6.3","3.6","1.8","0.5",".146",".083","1.71","4.66"
"Elmhurst","CCIW","4.56","324","1251","1473","344","58","8","12","204","164","133","211","78","44","0","0","47","18","23","351","351","2",".275",".360",".363",".723",".316","5.9","3.7","1.6","0.3",".143",".090","1.47","4.70"
"Elmira","Empire 8","7.81","292.2","1257","1499","421","86","9","20","326","254","141","214","70","46","1","5","58","24","19","333","273","1",".335",".420",".465",".886",".385","6.6","4.3","1.5","0.6",".143",".094","1.92","5.32"
"Elms","NECC","5.23","292.2","1160","1369","333","56","7","14","209","170","137","226","84","18","2","3","33","15","24","284","308","2",".287",".371",".384",".755",".338","7.0","4.2","1.6","0.4",".165",".100","1.61","4.68"
"Emerson","NEWMAC","7.56","253.2","1067","1275","328","74","17","15","260","213","148","165","47","66","0","9","21","11","28","253","304","0",".307",".393",".451",".844",".342","5.9","5.3","1.1","0.5",".129",".116","1.88","5.32"
"Emory","UAA","4.83","322.1","1252","1491","327","64","6","12","208","173","164","247","83","66","1","5","47","15","13","341","329","1",".261",".364",".351",".715",".313","6.9","4.6","1.5","0.3",".166",".110","1.52","4.77"
"Emory & Henry","ODAC","8.37","270","1163","1355","404","86","8","31","298","251","127","170","55","50","2","2","26","24","13","277","323","0",".347",".419",".515",".934",".383","5.7","4.2","1.3","1.0",".125",".094","1.97","5.79"
"Endicott","CCC","4.19","362.2","1351","1626","341","43","6","12","207","169","178","267","60","45","3","2","55","22","19","414","332","3",".252",".358",".320",".678",".302","6.6","4.4","1.5","0.3",".164",".109","1.43","4.74"
"Eureka","SLIAC","4.77","245.1","978","1170","263","51","5","16","185","130","134","189","71","33","3","4","31","18","9","245","261","1",".269",".372",".380",".752",".316","6.9","4.9","1.4","0.6",".162",".115","1.62","5.18"
"Farmingdale St.","Skyline","4.12","295","1127","1303","294","44","23","7","152","135","117","227","71","44","2","5","27","19","13","330","273","11",".261",".341",".359",".700",".317","6.9","3.6","1.9","0.2",".174",".090","1.39","4.09"
"FDU- Florham","MAC Freedom","6.86","286","1265","1479","427","90","6","11","307","218","131","205","62","55","0","8","38","24","21","321","290","0",".338",".410",".444",".854",".389","6.5","4.1","1.6","0.3",".139",".089","1.95","4.69"
"Ferrum","ODAC","5.33","353","1406","1666","405","76","14","10","257","209","174","314","79","30","3","4","43","35","8","349","335","1",".288",".381",".383",".765",".362","8.0","4.4","1.8","0.3",".188",".104","1.64","4.29"
"Finlandia","WIAC","8.36","193.2","794","1000","243","60","9","13","223","180","144","141","49","37","0","3","38","9","15","172","205","1",".306",".429",".453",".882",".351","6.6","6.7","1.0","0.6",".141",".144","2.00","6.10"
"Fitchburg St.","MASCAC","4.28","244","932","1158","238","34","3","8","170","116","142","223","54","33","2","5","48","22","14","232","241","4",".255",".377",".324",".701",".322","8.2","5.2","1.6","0.3",".193",".123","1.56","4.79"
"Fontbonne","SLIAC","4.39","318","1222","1472","304","72","8","17","217","155","189","283","84","54","0","4","33","9","18","303","316","0",".249",".360",".363",".722",".305","8.0","5.3","1.5","0.5",".192",".128","1.55","4.86"
"Framingham St.","MASCAC","4.13","305","1211","1431","337","48","4","12","193","140","156","262","78","39","1","6","38","17","9","302","286","1",".278",".376",".354",".730",".344","7.7","4.6","1.7","0.4",".183",".109","1.62","4.56"
"Franklin","HCAC","3.75","382","1501","1716","380","63","7","17","212","159","153","308","98","60","1","2","32","17","12","383","401","2",".253",".333",".338",".671",".306","7.3","3.6","2.0","0.4",".179",".089","1.40","4.27"
"Franklin & Marshall","Centennial","5.21","338.2","1337","1575","371","77","3","21","244","196","140","295","73","43","3","3","51","28","18","345","320","3",".277",".364",".387",".750",".337","7.8","3.7","2.1","0.6",".187",".089","1.51","4.61"
"Fredonia","SUNYAC","4.92","250.2","993","1197","278","41","10","12","192","137","135","193","75","37","1","2","36","17","16","282","230","2",".280",".381",".378",".758",".331","6.9","4.9","1.4","0.4",".161",".113","1.65","4.99"
"Frostburg St.","CAC","5.25","326","1294","1588","346","74","3","20","274","190","180","397","131","45","10","5","51","42","19","303","242","3",".267",".374",".376",".749",".364","11.0","5.0","2.2","0.6",".250",".113","1.61","4.34"
"Gallaudet","NEAC","7.76","305","1298","1642","435","100","19","6","377","263","250","142","48","62","2","8","49","14","30","300","391","1",".335",".451",".455",".906",".364","4.2","7.4","0.6","0.2",".086",".152","2.25","6.12"
"Geneva","PAC","5.55","261","1027","1291","287","46","7","9","211","161","156","182","64","34","0","8","68","21","17","283","257","2",".279",".403",".364",".767",".326","6.3","5.4","1.2","0.3",".141",".121","1.70","5.48"
"George Fox","NWC","5.10","386.2","1472","1771","401","69","6","20","261","219","183","292","108","38","3","6","56","35","25","404","388","0",".272",".369",".368",".737",".322","6.8","4.3","1.6","0.5",".165",".103","1.51","4.87"
"Gettysburg","Centennial","6.35","289.1","1200","1439","368","61","10","14","257","204","149","204","58","35","2","3","51","25","14","330","287","1",".307",".402",".409",".811",".355","6.4","4.6","1.4","0.4",".142",".104","1.79","5.15"
"Gordon","CCC","3.95","271","1017","1247","243","37","4","7","162","119","161","179","46","48","0","5","36","18","14","279","301","3",".239",".358",".304",".662",".279","5.9","5.3","1.1","0.2",".144",".129","1.49","5.05"
"Greensboro","USA South","5.37","316.2","1272","1499","386","68","4","19","237","189","138","197","45","60","6","2","41","30","18","323","367","3",".303",".385",".408",".793",".342","5.6","3.9","1.4","0.5",".131",".092","1.66","5.09"
"Greenville","SLIAC","5.86","345.2","1425","1662","442","85","9","25","284","225","151","283","90","47","0","2","49","18","17","375","298","4",".310",".391",".435",".826",".368","7.4","3.9","1.9","0.7",".170",".091","1.72","4.89"
"Grinnell","MWC","7.52","316","1344","1538","447","73","19","27","305","264","110","245","66","36","5","6","49","15","20","338","308","1",".333",".398",".475",".873",".385","7.0","3.1","2.2","0.8",".159",".072","1.76","4.92"
"Grove City","PAC","4.56","268.1","1054","1235","298","52","8","6","172","136","123","193","54","30","0","1","23","22","10","283","273","2",".283",".367",".364",".731",".338","6.5","4.1","1.6","0.2",".156",".100","1.57","4.34"
"Guilford","ODAC","5.85","344.2","1390","1660","410","78","5","19","278","224","183","257","76","63","1","3","44","25","18","374","340","0",".295",".390",".399",".789",".345","6.7","4.8","1.4","0.5",".155",".110","1.72","5.06"
"Gust. Adolphus","MIAC","4.99","270.2","1079","1261","312","53","8","15","191","150","130","216","58","29","2","4","16","21","15","267","287","3",".289",".369",".395",".764",".344","7.2","4.3","1.7","0.5",".171",".103","1.64","4.60"
"Gwynedd Mercy","Atlantic East","4.95","289","1177","1399","333","64","13","22","213","159","153","189","62","39","3","2","35","19","14","332","303","1",".283",".378",".415",".793",".317","5.9","4.8","1.2","0.7",".135",".109","1.68","5.49"
"Hamilton","NESCAC","4.55","265","1035","1245","281","55","13","7","188","134","135","210","91","29","0","5","39","18","18","253","279","2",".271",".371",".370",".741",".328","7.1","4.6","1.6","0.2",".169",".108","1.57","4.58"
"Hamline","MIAC","4.74","271.1","1094","1227","329","49","13","11","164","143","94","175","40","24","4","0","20","9","10","280","302","1",".301",".364",".399",".763",".346","5.8","3.1","1.9","0.4",".143",".077","1.56","4.35"
"Hampden-Sydney","ODAC","5.54","331.2","1273","1560","354","68","9","16","255","204","196","262","65","28","5","5","43","22","25","354","319","0",".278",".386",".383",".769",".331","7.1","5.3","1.3","0.4",".168",".126","1.66","5.07"
"Hanover","HCAC","5.16","272","1091","1307","323","62","8","14","208","156","140","200","61","23","2","2","35","27","14","277","288","1",".296",".389",".406",".795",".347","6.6","4.6","1.4","0.5",".153",".107","1.70","4.98"
"Hardin-Simmons","ASC","5.97","357.1","1464","1766","451","71","12","26","306","237","188","221","60","53","2","5","63","28","22","360","425","2",".308",".404",".426",".830",".343","5.6","4.7","1.2","0.7",".125",".106","1.79","5.67"
"Haverford","Centennial","5.05","292.1","1105","1374","278","53","13","17","202","164","201","219","59","53","2","5","39","14","14","293","314","1",".252",".381",".369",".750",".296","6.7","6.2","1.1","0.5",".159",".146","1.64","5.58"
"Heidelberg","OAC","4.93","357.2","1401","1650","407","73","6","16","229","196","168","286","74","42","0","3","45","11","23","335","379","2",".291",".379",".385",".764",".348","7.2","4.2","1.7","0.4",".173",".102","1.61","4.63"
"Hendrix","SAA","6.19","327","1331","1602","413","81","9","14","270","225","191","180","65","61","6","9","45","19","16","350","376","3",".310",".410",".416",".826",".346","5.0","5.3","0.9","0.4",".112",".119","1.85","5.48"
"Hilbert","AMCC","7.58","254","1102","1333","380","66","16","17","301","214","141","150","45","49","1","6","43","22","25","256","309","1",".345",".430",".480",".910",".378","5.3","5.0","1.1","0.6",".113",".106","2.05","5.72"
"Hiram","NCAC","11.54","259.2","1212","1522","464","104","30","29","422","333","206","187","72","60","1","5","53","22","29","246","301","0",".383",".482",".590","1.072",".424","6.5","7.2","0.9","1.0",".123",".135","2.58","6.86"
"Hood","MAC Commonwealth","4.60","346.2","1358","1592","369","69","12","18","237","177","151","276","94","37","5","10","34","26","23","371","333","3",".272",".354",".380",".734",".323","7.2","3.9","1.8","0.5",".173",".095","1.50","4.54"
"Hope","MIAA","6.36","324","1328","1587","405","67","17","13","274","229","161","248","66","24","4","3","60","18","19","277","387","3",".305",".399",".410",".810",".361","6.9","4.5","1.5","0.4",".156",".101","1.75","4.89"
"Houghton","Empire 8","6.28","256.2","1014","1260","287","43","13","13","221","179","185","246","85","54","3","5","40","11","10","267","205","2",".283",".410",".390",".799",".358","8.6","6.5","1.3","0.5",".195",".147","1.84","5.23"
"Howard Payne","ASC","5.81","310","1224","1520","351","85","14","12","247","200","200","242","62","78","0","4","45","25","25","293","348","2",".287",".399",".408",".807",".341","7.0","5.8","1.2","0.3",".159",".132","1.78","5.17"
"Huntingdon","USA South","4.84","342.1","1313","1574","356","51","8","15","233","184","188","294","77","65","0","3","36","19","16","330","329","1",".271",".373",".356",".730",".334","7.7","4.9","1.6","0.4",".187",".119","1.59","4.67"
"Husson","North Atlantic","4.30","265.2","1055","1208","282","54","9","6","159","127","105","183","56","42","4","0","23","14","10","319","259","3",".267",".344",".353",".696",".315","6.2","3.6","1.7","0.2",".151",".087","1.46","4.22"
"IIT","NACC","4.99","330.1","1341","1569","389","75","5","19","255","183","129","228","69","29","3","6","53","22","24","315","394","4",".290",".369",".396",".765",".331","6.2","3.5","1.8","0.5",".145",".082","1.57","4.88"
"Ill. Wesleyan","CCIW","4.94","337","1320","1577","369","53","7","25","237","185","162","270","100","49","3","7","56","24","13","353","334","2",".280",".378",".387",".766",".331","7.2","4.3","1.7","0.7",".171",".103","1.58","5.16"
"Illinois Col.","MWC","5.84","282","1142","1391","340","65","5","16","247","183","166","200","47","49","1","6","45","19","19","300","279","0",".298",".402",".405",".807",".343","6.4","5.3","1.2","0.5",".144",".119","1.79","5.42"
"Immaculata","Atlantic East","5.95","255.2","1055","1253","314","60","9","13","211","169","133","201","72","35","1","3","37","11","16","242","285","2",".298",".390",".409",".799",".351","7.1","4.7","1.5","0.5",".160",".106","1.75","4.94"
"Iowa Wesleyan","SLIAC","9.31","296.2","1341","1564","483","102","19","26","364","307","152","152","36","37","0","4","29","17","25","311","376","0",".360",".429",".523",".952",".385","4.6","4.6","1.0","0.8",".097",".097","2.14","5.80"
"Ithaca","Empire 8","3.78","402.1","1522","1805","376","64","6","29","232","169","165","299","92","47","1","5","66","30","20","481","343","3",".247",".342",".354",".696",".286","6.7","3.7","1.8","0.6",".166",".091","1.34","5.03"
"John Carroll","OAC","5.37","330","1330","1535","407","74","6","15","237","197","124","219","64","56","1","4","30","26","25","350","356","1",".306",".372",".405",".776",".350","6.0","3.4","1.8","0.4",".143",".081","1.61","4.52"
"John Jay","CUNYAC","6.35","251","1028","1225","319","66","10","18","215","177","133","154","48","34","2","2","33","14","16","143","201","1",".310",".401",".446",".847",".345","5.5","4.8","1.2","0.6",".126",".109","1.80","5.54"
"Johns Hopkins","Centennial","3.51","386.2","1484","1677","384","65","6","21","202","151","121","337","91","26","3","4","37","26","8","448","293","3",".259",".328",".353",".682",".320","7.9","2.8","2.8","0.5",".201",".072","1.31","4.04"
"Juniata","Landmark","7.80","286","1245","1464","422","84","8","27","311","248","136","194","61","39","3","8","43","14","26","269","352","1",".339",".414",".484",".899",".376","6.1","4.3","1.4","0.8",".133",".093","1.95","5.60"
"JWU (Providence)","Great Northeast","4.89","340.1","1351","1617","402","57","8","8","227","185","160","316","116","42","10","2","58","33","15","340","304","4",".298",".391",".369",".761",".378","8.4","4.2","2.0","0.2",".195",".099","1.65","4.22"
"Kalamazoo","MIAA","5.10","301.2","1206","1423","343","68","11","10","215","171","144","248","78","22","11","0","39","16","18","301","305","3",".284",".374",".384",".758",".345","7.4","4.3","1.7","0.3",".174",".101","1.62","4.46"
"Kean","NJAC","5.22","399.2","1559","1882","441","78","20","7","273","232","228","278","94","53","16","6","51","27","17","447","395","1",".283",".388",".372",".760",".336","6.3","5.1","1.2","0.2",".148",".121","1.68","4.79"
"Keene St.","Little East","6.33","290","1191","1429","372","84","7","18","258","204","155","226","74","23","4","5","47","15","21","307","272","0",".312",".406",".440",".846",".366","7.0","4.8","1.5","0.6",".158",".108","1.82","5.19"
"Kenyon","NCAC","5.85","290.2","1207","1443","345","66","8","17","247","189","151","257","78","46","3","4","54","21","10","289","286","0",".286",".387",".396",".783",".348","8.0","4.7","1.7","0.5",".178",".105","1.71","4.96"
"Keuka","NEAC","6.22","278","1177","1408","377","56","18","12","273","192","130","186","64","25","3","5","43","28","28","306","307","3",".320",".399",".429",".828",".362","6.0","4.2","1.4","0.4",".132",".092","1.82","4.95"
"Keystone","CSAC","3.46","400","1549","1767","372","72","9","8","202","154","149","369","107","39","1","3","40","20","9","406","374","4",".240",".321",".314",".635",".308","8.3","3.4","2.5","0.2",".209",".084","1.30","3.69"
"King's (PA)","MAC Freedom","6.06","289.2","1188","1384","370","61","11","13","240","195","124","213","57","49","0","2","33","23","16","336","269","2",".311",".387",".414",".801",".365","6.6","3.9","1.7","0.4",".154",".090","1.71","4.59"
"Knox","MWC","6.98","288.2","1258","1453","399","79","13","29","314","224","126","195","73","41","4","7","33","14","20","282","344","0",".317",".388",".470",".858",".351","6.1","3.9","1.5","0.9",".134",".087","1.82","5.46"
"La Roche","AMCC","3.58","374.2","1447","1711","352","59","16","10","216","149","168","342","119","20","2","6","48","26","22","371","372","4",".243",".337",".327",".664",".306","8.2","4.0","2.0","0.2",".200",".098","1.39","4.11"
"La Verne","SCIAC","5.52","370","1476","1736","432","89","13","21","272","227","174","293","104","29","0","5","43","24","19","361","390","3",".293",".379",".413",".792",".348","7.1","4.2","1.7","0.5",".169",".100","1.64","4.77"
"LaGrange","USA South","3.51","413","1630","1832","449","46","9","12","220","161","129","311","98","31","1","3","34","26","13","404","450","6",".275",".339",".337",".676",".331","6.8","2.8","2.4","0.3",".170",".070","1.40","3.91"
"Lakeland","NACC","9.06","239.1","1057","1284","381","95","12","15","298","241","140","132","44","38","2","2","49","15","23","221","331","1",".360",".449",".516",".965",".392","5.0","5.3","0.9","0.6",".103",".109","2.18","5.94"
"Lancaster Bible","NEAC","5.78","250.2","993","1245","258","34","2","24","208","161","190","212","69","38","2","6","37","14","11","249","254","0",".260",".394",".371",".765",".305","7.6","6.8","1.1","0.9",".170",".153","1.79","6.13"
"Lasell","Great Northeast","5.15","225.1","889","1052","246","60","8","11","171","129","116","148","36","37","2","0","25","15","6","274","210","3",".277",".374",".399",".773",".319","5.9","4.6","1.3","0.4",".141",".110","1.61","5.05"
"Lawrence","MWC","6.70","288.2","1205","1464","371","68","10","17","282","215","177","190","52","48","1","8","43","21","18","325","292","0",".308",".410",".423",".833",".348","5.9","5.5","1.1","0.5",".130",".121","1.90","5.59"
"Lebanon Valley","MAC Commonwealth","5.46","254","1075","1280","333","63","9","12","242","154","130","160","45","41","1","4","48","15","12","233","323","1",".310",".404",".419",".823",".351","5.7","4.6","1.2","0.4",".125",".102","1.82","5.31"
"Lehman","CUNYAC","7.16","277.2","1168","1402","369","88","21","25","275","221","142","204","61","45","1","10","57","19","16","278","274","0",".316",".411",".491",".902",".360","6.6","4.6","1.4","0.8",".146",".101","1.84","5.71"
"Lesley","NECC","3.77","293.2","1152","1304","311","49","8","20","135","123","107","239","77","28","2","3","29","12","4","335","258","5",".270",".346",".378",".724",".324","7.3","3.3","2.2","0.6",".183",".082","1.43","4.50"
"LeTourneau","ASC","5.23","341","1365","1638","397","88","9","17","267","198","175","216","73","36","4","8","43","31","24","307","446","0",".291",".383",".406",".789",".329","5.7","4.6","1.2","0.4",".132",".107","1.68","5.15"
"Lewis & Clark","NWC","6.38","330","1358","1653","429","95","7","24","307","234","179","216","77","40","2","4","71","27","18","340","359","1",".316",".418",".449",".867",".357","5.9","4.9","1.2","0.7",".131",".108","1.84","5.76"
"Linfield","NWC","3.80","367.1","1365","1638","314","36","5","21","193","155","183","326","93","31","2","6","47","28","14","389","335","4",".230",".338",".310",".648",".284","8.0","4.5","1.8","0.5",".199",".112","1.35","4.70"
"Loras","American Rivers","3.77","339.1","1285","1486","310","56","14","12","181","142","131","300","92","36","0","2","38","22","10","358","307","2",".241",".327",".335",".662",".303","8.0","3.5","2.3","0.3",".202",".088","1.30","4.04"
"Louisiana Col.","ASC","4.47","268","1049","1227","300","51","4","17","173","133","114","214","68","12","1","2","30","23","11","288","254","3",".286",".369",".391",".760",".341","7.2","3.8","1.9","0.6",".174",".093","1.54","4.70"
"Luther","American Rivers","3.51","341.1","1326","1536","361","62","7","12","196","133","113","240","71","33","3","8","62","23","12","373","344","7",".272",".354",".357",".711",".321","6.3","3.0","2.1","0.3",".156",".074","1.39","4.44"
"Lynchburg","ODAC","4.93","348.1","1412","1659","414","73","13","18","270","191","164","245","75","46","5","6","48","21","14","366","356","0",".293",".382",".402",".784",".340","6.3","4.2","1.5","0.5",".148",".099","1.66","4.95"
"Macalester","MIAC","5.45","277.1","1067","1315","287","61","7","11","187","168","163","243","75","49","2","2","52","14","19","280","260","3",".269",".386",".370",".756",".332","7.9","5.3","1.5","0.4",".185",".124","1.62","4.95"
"MacMurray","SLIAC","5.16","296.1","1177","1382","325","46","4","28","217","170","140","257","78","38","0","2","40","16","8","304","271","2",".276",".370",".393",".763",".330","7.8","4.3","1.8","0.9",".186",".101","1.57","5.17"
"Manchester","HCAC","5.08","354.2","1466","1735","465","90","10","31","290","200","174","211","51","39","4","3","44","32","19","387","376","3",".317",".401",".456",".857",".349","5.4","4.4","1.2","0.8",".122",".100","1.80","5.65"
"Manhattanville","MAC Freedom","6.98","268.1","1083","1356","320","61","4","13","256","208","187","151","44","27","3","4","39","22","25","276","340","0",".295",".409",".395",".804",".325","5.1","6.3","0.8","0.4",".111",".138","1.89","5.89"
"Maranatha Baptist","DIII Independent","14.35","111.2","580","690","238","40","6","11","213","178","55","55","19","5","0","6","41","2","14","97","130","0",".410",".484",".557","1.041",".430","4.5","4.5","1.0","0.9",".080",".080","2.63","6.74"
"Marian (WI)","NACC","4.33","326.2","1303","1507","363","67","15","11","205","157","144","257","71","25","2","6","34","13","13","318","342","0",".279",".362",".378",".740",".336","7.1","4.0","1.8","0.3",".171",".096","1.55","4.36"
"Marietta","OAC","3.90","399","1547","1730","405","89","6","22","212","173","107","272","82","24","6","2","38","30","8","443","418","2",".262",".324",".370",".693",".304","6.1","2.4","2.5","0.5",".157",".062","1.28","4.30"
"Martin Luther","UMAC","9.32","205.2","885","1103","297","66","8","19","263","213","143","138","49","75","0","4","42","9","24","208","239","1",".336",".441",".493",".933",".370","6.1","6.3","1.0","0.8",".125",".130","2.14","6.42"
"Mary Hardin-Baylor","ASC","8.76","314.1","1377","1632","476","99","12","28","356","306","166","246","66","65","1","5","43","23","21","290","362","0",".346",".426",".496",".922",".399","7.0","4.8","1.5","0.8",".151",".102","2.04","5.44"
"Mary Washington","CAC","5.08","313.2","1224","1489","320","49","5","14","228","177","183","334","110","40","4","8","44","19","17","301","261","2",".261",".373",".344",".717",".343","9.6","5.3","1.8","0.4",".224",".123","1.61","4.48"
"Marymount (VA)","Atlantic East","6.98","305.2","1246","1532","371","82","5","31","288","237","185","279","89","47","4","3","53","24","18","310","278","2",".298",".405",".446",".852",".356","8.2","5.5","1.5","0.9",".182",".121","1.82","5.69"
"Maryville (TN)","USA South","3.44","345.1","1285","1521","314","40","8","10","175","132","156","248","72","41","3","4","25","40","15","340","384","3",".244",".334",".311",".646",".292","6.5","4.1","1.6","0.3",".163",".103","1.36","4.37"
"Marywood","Atlantic East","6.63","262","1100","1286","342","72","17","12","255","193","128","215","70","28","1","5","25","13","20","249","281","2",".311",".389",".440",".829",".370","7.4","4.4","1.7","0.4",".167",".100","1.79","4.56"
"Mass. Maritime","MASCAC","5.48","253","1003","1223","287","53","9","8","185","154","144","231","59","32","1","3","36","22","17","255","241","3",".286",".389",".381",".770",".357","8.2","5.1","1.6","0.3",".189",".118","1.70","4.57"
"McDaniel","Centennial","7.03","247","1026","1220","329","72","12","15","235","193","140","213","67","37","0","2","31","10","13","246","227","4",".321",".413",".458",".871",".387","7.8","5.1","1.5","0.5",".175",".115","1.90","5.00"
"MCLA","MASCAC","5.28","214.2","865","1026","255","54","8","6","167","126","107","199","55","38","4","0","27","16","11","229","175","3",".295",".385",".397",".782",".371","8.4","4.5","1.9","0.3",".194",".104","1.69","4.24"
"McMurry","ASC","7.16","310.1","1266","1534","404","66","11","21","302","247","181","196","63","46","4","2","44","26","17","321","351","0",".319",".417",".438",".855",".359","5.7","5.3","1.1","0.6",".128",".118","1.89","5.65"
"Me.-Farmington","North Atlantic","5.65","234","940","1107","269","53","10","10","172","147","91","152","57","35","2","4","38","21","14","259","267","3",".286",".367",".396",".763",".327","5.8","3.5","1.7","0.4",".137",".082","1.54","4.76"
"Me.-Presque Isle","North Atlantic","8.96","206","924","1100","332","90","18","16","257","205","117","154","44","32","0","2","29","13","17","192","186","0",".359",".440",".548",".987",".410","6.7","5.1","1.3","0.7",".140",".106","2.18","5.50"
"Medaille","AMCC","8.31","239.1","1070","1247","384","65","19","21","271","221","110","145","53","23","6","4","34","17","15","263","270","1",".359",".430",".514",".944",".395","5.5","4.1","1.3","0.8",".116",".088","2.07","5.59"
"Merchant Marine","Skyline","3.22","335.1","1269","1464","298","60","4","11","166","120","123","328","97","38","3","3","28","30","14","342","289","5",".235",".313",".314",".628",".304","8.8","3.3","2.7","0.3",".224",".084","1.26","3.68"
"Messiah","MAC Commonwealth","5.72","300.1","1222","1448","361","73","8","20","247","191","145","249","77","24","0","3","43","19","16","315","285","2",".295",".385",".417",".802",".352","7.5","4.3","1.7","0.6",".172",".100","1.69","4.94"
"Methodist","USA South","4.23","387.2","1508","1760","413","53","3","11","222","182","182","271","105","41","2","1","35","25","10","395","424","2",".274",".363",".335",".698",".325","6.3","4.2","1.5","0.3",".154",".103","1.54","4.51"
"Middlebury","NESCAC","5.03","263","1028","1232","271","45","2","6","180","147","127","224","74","26","0","8","53","16","8","279","246","3",".264",".371",".329",".700",".329","7.7","4.3","1.8","0.2",".182",".103","1.51","4.50"
"Millikin","CCIW","4.96","339.1","1362","1583","357","80","18","19","243","187","150","284","76","44","1","4","36","22","13","351","349","2",".262",".348",".389",".737",".315","7.5","4.0","1.9","0.5",".179",".095","1.50","4.55"
"Millsaps","SAA","4.95","365.2","1396","1662","374","71","7","13","253","201","167","240","87","55","1","8","44","36","18","358","432","1",".268",".360",".357",".717",".311","5.9","4.1","1.4","0.3",".144",".100","1.48","4.74"
"Minn.-Morris","UMAC","8.08","247.1","1074","1270","362","55","11","19","281","222","131","198","55","43","0","6","34","15","16","235","263","1",".337",".420",".462",".882",".393","7.2","4.8","1.5","0.7",".156",".103","2.00","5.25"
"Misericordia","MAC Freedom","3.79","434.2","1639","1926","423","65","9","15","241","183","164","327","112","40","2","2","65","39","19","509","381","1",".258",".346",".336",".682",".310","6.8","3.4","2.0","0.3",".170",".085","1.35","4.38"
"MIT","NEWMAC","3.45","297","1128","1389","261","47","8","11","180","114","179","279","81","35","1","3","50","22","10","296","272","3",".231",".358",".316",".675",".295","8.5","5.4","1.6","0.3",".201",".129","1.48","4.77"
"Mitchell","NECC","2.96","338","1297","1464","319","55","4","12","165","111","116","273","91","22","3","3","31","10","10","349","326","4",".246",".320",".322",".643",".300","7.3","3.1","2.4","0.3",".186",".079","1.29","4.01"
"Monmouth (IL)","MWC","5.62","361.2","1462","1723","420","50","8","20","283","226","153","286","88","44","2","2","75","18","15","386","350","1",".287",".380",".373",".754",".342","7.1","3.8","1.9","0.5",".166",".089","1.59","4.88"
"Montclair St.","NJAC","4.01","327.1","1278","1464","354","57","9","6","190","146","102","254","72","29","3","3","36","27","21","385","290","4",".277",".342",".350",".692",".335","7.0","2.8","2.5","0.2",".173",".070","1.39","3.81"
"Moravian","Landmark","5.34","334","1333","1554","366","67","7","20","249","198","125","267","69","31","2","1","51","26","19","351","338","3",".275",".355",".380",".735",".325","7.2","3.4","2.1","0.5",".172",".080","1.47","4.62"
"Mount Aloysius","AMCC","8.79","269.1","1172","1400","403","87","16","30","339","263","154","187","52","39","1","2","30","21","22","341","240","0",".344",".426",".522",".948",".382","6.3","5.2","1.2","1.0",".134",".110","2.07","5.97"
"Mount Union","OAC","4.84","316","1273","1443","355","59","9","22","209","170","105","252","67","35","1","7","33","16","15","304","350","4",".279",".346",".391",".737",".328","7.2","3.0","2.4","0.6",".175",".073","1.46","4.47"
"MSOE","NACC","4.42","360.1","1434","1645","394","59","5","12","229","177","112","264","76","61","2","5","69","12","18","358","387","2",".275",".352",".348",".700",".325","6.6","2.8","2.4","0.3",".160",".068","1.41","4.33"
"Mt. St. Joseph","HCAC","3.90","279.1","1092","1276","291","56","6","13","191","121","124","245","71","36","1","11","24","23","13","258","283","4",".266",".350",".364",".715",".328","7.9","4.0","2.0","0.4",".192",".097","1.49","4.30"
"Mt. St. Mary (NY)","Skyline","4.47","272","1023","1225","247","45","14","1","164","135","140","176","46","31","1","3","32","18","12","318","274","1",".241",".347",".316",".663",".287","5.8","4.6","1.3","0.0",".144",".114","1.42","4.51"
"Muhlenberg","Centennial","4.56","326","1265","1469","351","68","16","12","205","165","143","288","87","20","0","3","20","24","17","335","295","3",".277",".356",".385",".741",".345","8.0","3.9","2.0","0.3",".196",".097","1.51","4.07"
"Muskingum","OAC","5.44","319.1","1327","1519","393","89","9","20","265","193","112","211","74","42","2","3","38","23","19","349","352","1",".296",".363",".422",".785",".335","6.0","3.2","1.9","0.6",".139",".074","1.58","4.76"
"N.C. Wesleyan","USA South","5.43","374.1","1489","1762","452","58","7","22","280","226","159","269","102","44","2","3","56","34","22","379","392","4",".304",".386",".396",".783",".352","6.5","3.8","1.7","0.5",".153",".090","1.63","4.91"
"Neb. Wesleyan","American Rivers","6.77","284.2","1204","1403","376","63","16","13","271","214","118","229","63","61","2","9","50","19","12","305","272","3",".312",".393",".424",".817",".373","7.3","3.7","1.9","0.4",".163",".084","1.74","4.61"
"Neumann","Atlantic East","4.96","346.1","1383","1620","398","70","11","15","243","191","157","213","64","53","2","1","40","27","13","378","378","2",".288",".374",".387",".760",".328","5.5","4.1","1.4","0.4",".131",".097","1.60","4.89"
"New England Col.","NECC","3.36","297.2","1127","1327","260","44","9","10","158","111","151","317","91","27","1","7","32","10","7","250","275","6",".231",".336",".312",".649",".310","9.6","4.6","2.1","0.3",".239",".114","1.38","4.01"
"New Jersey City","NJAC","5.13","336.2","1353","1624","414","92","16","4","248","192","172","258","75","37","10","2","53","31","15","357","322","1",".306",".401",".407",".808",".371","6.9","4.6","1.5","0.1",".159",".106","1.74","4.48"
"New Rochelle","DIII Independent","8.88","281.2","1250","1559","427","83","16","11","377","278","187","210","63","49","5","7","62","17","24","289","308","1",".342",".444",".460",".904",".395","6.7","6.0","1.1","0.4",".135",".120","2.18","5.53"
"Newbury","NECC","7.38","258.2","1107","1317","376","79","13","12","271","212","134","197","85","37","0","6","40","19","14","260","259","2",".340",".425",".467",".892",".399","6.9","4.7","1.5","0.4",".150",".102","1.98","4.96"
"Nichols","CCC","6.33","318.1","1327","1559","433","60","4","21","279","224","140","188","69","58","2","3","48","29","15","393","313","0",".326",".406",".425",".831",".364","5.3","4.0","1.3","0.6",".121",".090","1.80","5.30"
"North Central (IL)","CCIW","5.08","360","1460","1693","418","77","7","16","254","203","168","253","77","44","0","2","34","17","14","370","398","3",".286",".370",".382",".751",".334","6.3","4.2","1.5","0.4",".149",".099","1.63","4.71"
"North Central (MN)","UMAC","7.96","211.1","937","1078","327","66","18","16","229","187","99","140","41","18","1","5","17","10","14","196","255","0",".349",".415",".509",".924",".391","6.0","4.2","1.4","0.7",".130",".092","2.02","5.16"
"North Park","CCIW","5.88","375","1531","1783","465","77","18","30","284","245","161","226","88","45","0","4","49","22","20","428","404","2",".304",".383",".436",".820",".336","5.4","3.9","1.4","0.7",".127",".090","1.67","5.37"
"Northland","UMAC","6.88","272","1183","1441","393","79","15","16","294","208","180","200","47","55","1","2","40","14","23","237","336","0",".332",".430",".465",".895",".381","6.6","6.0","1.1","0.5",".139",".125","2.11","5.58"
"Northwestern-St. Paul","UMAC","5.73","303","1233","1437","387","71","19","17","245","193","123","175","55","36","1","5","34","25","21","319","352","1",".314",".386",".444",".829",".348","5.2","3.7","1.4","0.5",".122",".086","1.68","4.98"
"Norwich","Great Northeast","7.98","203","890","1064","325","60","8","12","228","180","109","130","44","28","0","7","35","19","11","234","201","1",".365",".449",".491",".940",".412","5.8","4.8","1.2","0.5",".122",".102","2.14","5.47"
"NVU-Lyndon","North Atlantic","4.97","288","1115","1337","308","61","6","14","206","159","141","226","67","35","3","7","47","17","17","287","278","2",".276",".376",".379",".755",".330","7.1","4.4","1.6","0.4",".169",".105","1.56","4.88"
"NYU","UAA","3.88","333.2","1272","1497","327","60","7","10","177","144","160","261","77","31","1","3","34","13","16","333","344","3",".257",".352",".339",".690",".312","7.0","4.3","1.6","0.3",".174",".107","1.46","4.42"
"Oberlin","NCAC","7.89","330.2","1405","1700","460","82","22","25","363","290","200","261","73","46","2","3","44","24","27","372","305","0",".327",".420",".470",".891",".380","7.1","5.5","1.3","0.7",".154",".118","2.00","5.47"
"Occidental","SCIAC","4.07","338.1","1321","1528","341","71","5","21","217","153","139","251","79","31","2","9","40","15","12","347","348","0",".258",".344",".367",".711",".302","6.7","3.7","1.8","0.6",".164",".091","1.42","4.77"
"Oglethorpe","SAA","5.95","338.2","1343","1644","374","49","5","26","272","224","222","260","79","48","0","7","38","23","18","331","362","2",".278",".391",".380",".772",".324","6.9","5.9","1.2","0.7",".158",".135","1.76","5.62"
"Ohio Northern","OAC","3.18","356.2","1367","1551","340","59","8","22","179","126","119","293","93","14","0","6","34","20","11","347","371","4",".249",".322",".352",".674",".299","7.4","3.0","2.5","0.6",".189",".077","1.29","4.30"
"Ohio Wesleyan","NCAC","6.15","341","1461","1681","464","98","9","24","326","233","138","266","89","55","1","5","49","15","18","337","352","2",".318",".391",".446",".837",".370","7.0","3.6","1.9","0.6",".158",".082","1.76","4.86"
"Old Westbury","Skyline","5.83","282.1","1134","1394","337","60","14","9","234","183","165","210","65","39","2","4","56","19","20","302","276","1",".297",".406",".399",".804",".351","6.7","5.3","1.3","0.3",".151",".118","1.78","5.13"
"Olivet","MIAA","7.38","309.2","1305","1579","453","103","19","17","325","254","158","188","55","40","11","6","62","32","21","328","346","0",".347",".435",".494",".930",".389","5.5","4.6","1.2","0.5",".119",".100","1.98","5.49"
"Oswego St.","SUNYAC","3.53","380.1","1510","1713","405","59","10","23","215","149","121","312","118","33","0","6","48","21","13","384","381","4",".268",".339",".366",".705",".322","7.4","2.9","2.6","0.5",".182",".071","1.38","4.33"
"Otterbein","OAC","4.58","408.2","1616","1879","444","72","8","26","263","208","145","379","130","38","1","5","81","22","14","395","396","3",".275",".361",".377",".738",".341","8.4","3.2","2.6","0.6",".202",".077","1.44","4.49"
"Ozarks (AR)","ASC","5.87","328","1279","1548","353","61","10","34","256","214","174","237","74","56","2","4","51","25","19","297","387","0",".276",".380",".419",".799",".311","6.5","4.8","1.4","0.9",".153",".112","1.61","5.82"
"Pacific (OR)","NWC","4.88","354","1378","1629","385","73","5","19","234","192","161","236","74","36","7","3","45","26","17","370","391","0",".279",".369",".381",".750",".321","6.0","4.1","1.5","0.5",".145",".099","1.54","4.96"
"Pacific Lutheran","NWC","4.74","376.1","1499","1738","412","85","9","20","257","198","163","261","77","25","5","6","34","21","20","412","402","2",".275",".355",".384",".738",".317","6.2","3.9","1.6","0.5",".150",".094","1.53","4.73"
"Penn College","NEAC","5.70","278","1130","1352","333","53","6","12","231","176","151","195","81","46","6","5","41","20","10","324","261","2",".295",".394",".384",".778",".344","6.3","4.9","1.3","0.4",".144",".112","1.74","5.08"
"Penn St. Harrisburg","CAC","5.46","389","1538","1848","419","80","20","24","286","236","203","355","106","33","7","10","61","26","20","427","328","3",".272",".375",".397",".772",".335","8.2","4.7","1.7","0.6",".192",".110","1.60","4.87"
"Penn St.-Abington","NEAC","5.23","304.2","1220","1400","383","60","6","17","216","177","102","178","53","21","1","4","42","15","19","333","309","2",".314",".381",".415",".796",".351","5.3","3.0","1.7","0.5",".127",".073","1.59","4.83"
"Penn St.-Altoona","AMCC","8.54","294","1258","1506","443","92","17","32","334","279","175","209","66","46","5","4","37","20","16","268","333","0",".352",".441",".529",".969",".398","6.4","5.4","1.2","1.0",".139",".116","2.10","6.01"
"Penn St.-Behrend","AMCC","4.94","344.2","1363","1597","364","84","11","11","242","189","154","352","97","28","1","3","46","21","13","346","289","2",".267",".358",".369",".727",".348","9.2","4.0","2.3","0.3",".220",".096","1.50","3.97"
"Penn St.-Berks","NEAC","5.05","295.2","1169","1422","310","55","10","15","221","166","183","223","65","36","0","9","35","15","19","322","302","5",".265",".376",".368",".743",".311","6.8","5.6","1.2","0.5",".157",".129","1.67","5.22"
"Pfeiffer","USA South","4.27","308","1206","1399","313","37","2","17","180","146","141","273","74","28","1","2","25","17","9","338","253","0",".260",".347",".336",".683",".320","8.0","4.1","1.9","0.5",".195",".101","1.47","4.42"
"Piedmont","USA South","3.81","389.2","1507","1715","414","59","1","11","207","165","123","343","126","37","1","3","41","30","14","350","405","5",".275",".343",".337",".680",".345","7.9","2.8","2.8","0.3",".200",".072","1.38","3.72"
"Pine Manor","DIII Independent","9.34","151.1","640","810","205","33","10","9","192","157","118","131","37","32","0","4","33","8","10","154","143","0",".320",".444",".445",".890",".384","7.8","7.0","1.1","0.5",".162",".146","2.14","5.89"
"Pitt.-Bradford","AMCC","8.98","259.2","1116","1378","376","86","12","16","305","259","162","190","44","36","0","1","54","21","25","276","278","2",".337",".436",".478",".915",".385","6.6","5.6","1.2","0.6",".138",".118","2.08","5.69"
"Pitt.-Greensburg","AMCC","6.64","298","1260","1494","402","79","10","30","299","220","157","190","46","32","0","5","48","12","17","321","313","0",".319",".410",".469",".879",".352","5.7","4.7","1.2","0.9",".127",".105","1.88","5.95"
"Plattsburgh St.","SUNYAC","6.60","309.1","1223","1485","370","74","12","14","264","227","155","181","54","39","5","6","59","23","24","338","341","0",".303",".400",".417",".817",".338","5.3","4.5","1.2","0.4",".122",".104","1.70","5.35"
"Plymouth St.","Little East","5.70","293.2","1208","1437","370","84","10","13","250","186","164","231","82","33","3","8","32","13","17","281","307","0",".306",".398",".425",".823",".364","7.1","5.0","1.4","0.4",".161",".114","1.82","4.86"
"Pomona-Pitzer","SCIAC","5.43","358","1431","1683","442","84","11","28","272","216","158","254","88","45","1","7","49","32","12","343","398","1",".309",".393",".442",".835",".357","6.4","4.0","1.6","0.7",".151",".094","1.68","5.19"
"Principia","SLIAC","4.79","283.2","1114","1314","298","53","2","24","195","151","126","173","44","32","4","3","30","30","13","303","329","3",".268",".354",".383",".737",".295","5.5","4.0","1.4","0.8",".132",".096","1.50","5.39"
"Puget Sound","NWC","6.40","346","1400","1695","408","74","4","23","292","246","211","243","76","48","1","4","32","27","25","308","442","3",".291",".390",".399",".790",".332","6.3","5.5","1.2","0.6",".143",".124","1.79","5.42"
"Purchase","Skyline","5.27","271.1","1107","1257","342","56","18","14","213","159","103","173","48","19","0","2","22","16","9","289","257","2",".309",".376",".430",".806",".353","5.7","3.4","1.7","0.5",".138",".082","1.64","4.63"
"Ramapo","NJAC","3.12","433.1","1590","1882","353","68","8","5","188","150","231","449","150","44","0","1","27","23","11","419","365","6",".222",".329",".284",".613",".303","9.3","4.8","1.9","0.1",".239",".123","1.35","3.72"
"Randolph-Macon","ODAC","3.51","426","1618","1798","398","84","12","12","197","166","106","415","139","35","1","2","34","27","13","414","390","3",".246",".304",".335",".639",".321","8.8","2.2","3.9","0.3",".231",".059","1.18","3.26"
"Redlands","SCIAC","3.57","403","1505","1741","375","62","8","15","194","160","147","331","104","42","4","1","49","23","16","395","400","6",".249",".333",".331",".663",".306","7.4","3.3","2.3","0.3",".190",".084","1.29","4.16"
"Rensselaer","Liberty League","4.42","328","1266","1517","335","54","6","9","218","161","151","295","91","43","2","4","51","31","16","341","300","4",".265",".362",".338",".700",".333","8.1","4.1","2.0","0.2",".194",".100","1.48","4.26"
"Rhode Island Col.","Little East","6.80","296.1","1212","1479","381","70","16","25","268","224","177","254","60","43","1","5","45","17","27","288","290","0",".314",".413",".460",".873",".371","7.7","5.4","1.4","0.8",".172",".120","1.88","5.49"
"Rhodes","SAA","4.29","409","1569","1847","420","82","6","18","235","195","156","334","84","46","1","7","70","32","19","397","411","1",".268",".356",".362",".718",".325","7.3","3.4","2.1","0.4",".181",".084","1.41","4.45"
"Ripon","MWC","5.61","269.2","1120","1310","341","76","14","10","245","168","116","174","53","32","0","1","30","21","23","279","308","1",".304",".378",".424",".802",".345","5.8","3.9","1.5","0.3",".133",".089","1.70","4.67"
"RIT","Liberty League","4.03","313","1198","1387","318","60","14","11","166","140","123","256","77","21","5","0","27","22","15","366","269","1",".265",".343",".366",".710",".325","7.4","3.5","2.1","0.3",".185",".089","1.41","4.11"
"Rivier","Great Northeast","9.08","227","993","1211","347","57","21","16","301","229","139","159","52","55","0","6","46","13","18","235","243","3",".349",".445",".497",".942",".396","6.3","5.5","1.1","0.6",".131",".115","2.14","5.82"
"Roanoke","ODAC","3.41","382.1","1428","1694","350","66","3","12","176","145","183","329","102","44","7","7","44","22","17","370","377","1",".245",".345",".321",".666",".306","7.7","4.3","1.8","0.3",".194",".108","1.40","4.32"
"Rochester (NY)","Liberty League","5.33","299","1235","1450","381","62","21","14","243","177","128","227","74","38","0","1","44","24","19","332","284","3",".309",".388",".427",".815",".362","6.8","3.9","1.8","0.4",".157",".088","1.70","4.67"
"Rockford","NACC","4.57","315.1","1257","1506","336","64","14","5","237","160","151","302","105","52","4","10","59","15","24","268","326","4",".267",".366",".352",".719",".340","8.6","4.3","2.0","0.1",".201",".100","1.55","4.14"
"Roger Williams","CCC","4.66","319","1206","1469","320","63","5","16","220","165","184","267","87","42","2","1","39","22","18","325","295","3",".265",".375",".366",".741",".323","7.5","5.2","1.5","0.5",".182",".125","1.58","4.93"
"Rose-Hulman","HCAC","4.66","369","1426","1707","386","52","10","20","250","191","183","260","88","37","5","9","56","24","17","298","479","2",".271",".372",".363",".735",".315","6.3","4.5","1.4","0.5",".152",".107","1.54","5.09"
"Rowan","NJAC","2.74","410.2","1490","1743","325","57","6","13","167","125","175","398","122","63","6","2","35","32","11","425","333","6",".218",".313",".291",".603",".286","8.7","3.8","2.3","0.3",".228",".100","1.22","3.86"
"Rutgers-Camden","NJAC","3.34","372","1442","1637","361","62","15","8","197","138","123","291","107","25","1","3","32","31","9","425","336","5",".250",".321",".331",".652",".306","7.0","3.0","2.4","0.2",".178",".075","1.30","3.82"
"Rutgers-Newark","NJAC","5.59","314","1275","1510","389","70","11","13","246","195","146","217","81","59","3","4","39","28","22","365","297","1",".305",".387",".408",".795",".352","6.2","4.2","1.5","0.4",".144",".097","1.70","4.78"
"Saint John's (MN)","MIAC","2.73","307","1167","1277","294","26","8","11","111","93","69","230","87","13","0","2","13","20","8","297","351","8",".252",".299",".316",".615",".303","6.7","2.0","3.3","0.3",".180",".054","1.18","3.62"
"Saint Mary's (MN)","MIAC","3.73","270","1037","1221","268","47","4","13","146","112","119","204","71","19","8","0","35","22","8","313","250","3",".258",".352",".349",".701",".308","6.8","4.0","1.7","0.4",".167",".097","1.43","4.68"
"Saint Vincent","PAC","6.16","301","1308","1494","418","81","11","15","291","206","119","168","58","48","0","7","28","19","19","334","356","1",".320",".383",".433",".816",".352","5.0","3.6","1.4","0.4",".112",".080","1.78","4.85"
"Salem St.","MASCAC","5.29","314.2","1286","1489","390","70","16","9","248","185","125","242","67","33","3","0","39","18","21","341","307","4",".303",".377",".404",".780",".361","6.9","3.6","1.9","0.3",".163",".084","1.64","4.25"
"Salisbury","CAC","3.49","418","1561","1823","355","66","7","19","196","162","177","414","118","39","3","2","49","25","10","465","320","7",".227",".323",".315",".638",".295","8.9","3.8","2.3","0.4",".227",".097","1.27","4.09"
"Salve Regina","CCC","4.79","329","1286","1540","330","57","8","13","211","175","175","353","98","41","4","1","55","12","12","273","301","1",".257",".366",".344",".710",".340","9.7","4.8","2.0","0.4",".229",".114","1.53","4.32"
"Schreiner","SCAC","5.93","335.2","1392","1630","448","75","21","19","281","221","153","214","54","36","1","4","38","26","20","329","400","1",".322",".399",".447",".845",".364","5.7","4.1","1.4","0.5",".131",".094","1.79","5.02"
"Scranton","Landmark","5.98","361","1448","1744","433","101","16","23","292","240","201","223","74","32","12","3","45","26","24","381","418","1",".299",".395",".439",".834",".334","5.6","5.0","1.1","0.6",".128",".115","1.76","5.49"
"Sewanee","SAA","6.05","275.1","1114","1311","338","55","4","27","222","185","119","210","73","40","4","7","40","19","17","267","303","4",".303",".385",".433",".818",".348","6.9","3.9","1.8","0.9",".160",".091","1.66","5.34"
"Shenandoah","ODAC","3.81","411","1567","1848","397","83","5","17","225","174","198","321","115","68","3","2","48","20","15","411","421","3",".253",".352",".345",".697",".305","7.0","4.3","1.6","0.4",".174",".107","1.45","4.63"
"Simpson","American Rivers","7.10","287.2","1211","1481","386","66","20","18","308","227","185","226","62","43","2","2","51","17","17","270","315","0",".319",".425",".451",".876",".374","7.1","5.8","1.2","0.6",".153",".125","1.99","5.56"
"Skidmore","Liberty League","5.33","293.2","1199","1414","368","87","14","6","229","174","144","244","81","42","3","4","32","25","14","292","285","1",".307",".392",".418",".809",".376","7.5","4.4","1.7","0.2",".173",".102","1.75","4.26"
"Southern Me.","Little East","3.94","402","1528","1818","389","68","9","17","214","176","177","353","83","39","14","5","62","29","19","424","364","3",".255",".352",".344",".696",".316","7.9","4.0","2.0","0.4",".194",".097","1.41","4.43"
"Southern Va.","CAC","5.59","307.2","1232","1455","369","69","10","32","244","191","142","197","64","31","3","4","36","27","17","324","338","3",".300",".383",".450",".833",".330","5.8","4.2","1.4","0.9",".135",".098","1.66","5.67"
"Southern Vt.","NECC","7.27","220.1","924","1136","307","58","13","19","242","178","135","120","42","40","0","8","43","13","20","239","256","0",".332",".432",".485",".917",".358","4.9","5.5","0.9","0.8",".106",".119","2.01","6.31"
"Southwestern (TX)","SCAC","6.76","354","1442","1750","448","62","12","27","303","266","205","287","82","35","2","9","48","27","28","309","417","0",".311",".407",".426",".833",".364","7.3","5.2","1.4","0.7",".164",".117","1.84","5.37"
"Spalding","SLIAC","4.33","355.1","1393","1604","374","83","1","21","207","171","136","377","88","39","0","3","31","22","21","312","328","4",".268",".342",".375",".717",".347","9.6","3.4","2.8","0.5",".235",".085","1.44","3.91"
"Springfield","NEWMAC","3.39","342","1284","1489","295","51","17","7","167","129","124","277","84","27","0","8","53","15","12","395","289","8",".230",".320",".312",".633",".285","7.3","3.3","2.2","0.2",".186",".083","1.23","4.05"
"St. John Fisher","Empire 8","5.56","385","1526","1781","429","86","8","24","280","238","152","307","82","50","0","7","65","24","13","427","360","3",".281",".368",".395",".763",".335","7.2","3.6","2.0","0.6",".172",".085","1.51","4.76"
"St. Joseph's (Brkln)","Skyline","7.37","256.1","1079","1307","354","69","14","12","269","210","152","164","56","47","2","4","34","17","24","290","266","0",".328",".419",".451",".870",".369","5.8","5.3","1.1","0.4",".125",".116","1.98","5.36"
"St. Joseph's (L.I.)","Skyline","4.35","351.2","1340","1569","360","63","17","10","202","170","151","283","82","33","2","2","37","19","22","353","331","5",".269",".354",".363",".717",".327","7.3","3.9","1.9","0.3",".180",".096","1.46","4.22"
"St. Joseph's (ME)","Great Northeast","3.85","330","1275","1475","315","51","7","15","178","141","138","327","97","32","6","6","34","21","7","348","265","3",".247",".335",".333",".668",".319","8.9","3.8","2.4","0.4",".222",".094","1.37","4.03"
"St. Lawrence","Liberty League","8.12","268.1","1117","1387","373","80","16","19","286","242","157","158","52","37","2","3","65","25","23","281","320","0",".334",".437",".485",".922",".368","5.3","5.3","1.0","0.6",".114",".113","1.98","6.08"
"St. Mary's (MD)","CAC","8.06","250","1058","1287","335","61","4","27","284","224","139","139","33","49","0","10","50","22","18","245","327","1",".317",".414",".458",".873",".338","5.0","5.0","1.0","1.0",".108",".108","1.90","6.42"
"St. Norbert","MWC","5.40","311.2","1262","1475","378","64","11","11","227","187","131","177","42","44","9","6","42","24","15","337","358","2",".300",".380",".394",".774",".337","5.1","3.8","1.4","0.3",".120",".089","1.64","4.84"
"St. Olaf","MIAC","4.51","267.1","1064","1224","309","74","5","17","185","134","98","180","57","29","4","1","20","19","23","264","315","1",".290",".354",".417",".772",".328","6.1","3.3","1.8","0.6",".147",".080","1.52","4.66"
"St. Scholastica","UMAC","4.63","272","1030","1230","283","44","6","12","173","140","143","218","64","33","0","3","32","11","14","277","259","5",".275",".376",".364",".740",".333","7.2","4.7","1.5","0.4",".177",".116","1.57","4.76"
"St. Thomas (MN)","MIAC","3.01","293","1095","1244","229","42","0","11","118","98","90","323","94","20","1","2","26","25","8","306","228","7",".209",".283",".278",".561",".283","9.9","2.8","3.6","0.3",".260",".072","1.09","3.33"
"Staten Island","CUNYAC","5.24","264.2","1063","1262","300","56","8","15","205","154","131","236","86","34","0","6","38","19","11","284","229","1",".282",".377",".392",".770",".346","8.0","4.5","1.8","0.5",".187",".104","1.63","4.73"
"Stevens","Empire 8","4.73","363.1","1368","1687","345","46","6","21","236","191","233","410","121","52","3","7","51","23","12","391","224","3",".252",".378",".341",".719",".341","10.2","5.8","1.8","0.5",".243",".138","1.59","4.70"
"Stevenson","MAC Commonwealth","5.92","323.2","1356","1603","417","93","8","20","292","213","164","233","71","52","5","6","41","23","17","340","350","1",".308",".394",".432",".826",".354","6.5","4.6","1.4","0.6",".145",".102","1.80","5.12"
"Stockton","NJAC","6.79","250.2","1042","1248","331","73","11","11","244","189","135","205","50","44","5","1","37","17","15","245","249","1",".318",".409",".440",".850",".380","7.4","4.9","1.5","0.4",".164",".108","1.86","4.85"
"Suffolk","Great Northeast","4.39","342.2","1330","1544","349","51","14","26","227","167","140","235","84","30","2","4","35","21","16","362","380","3",".262",".345",".380",".725",".298","6.2","3.7","1.7","0.7",".152",".091","1.43","5.00"
"Sul Ross St.","ASC","6.87","339.1","1394","1716","456","87","9","32","311","259","219","267","86","59","1","7","61","22","19","343","328","1",".327",".435",".471",".906",".381","7.1","5.8","1.2","0.8",".156",".128","1.99","5.98"
"SUNY Canton","Empire 8","7.88","279.2","1175","1476","377","81","13","16","321","245","204","197","68","53","1","5","63","19","15","297","282","0",".321",".442",".453",".895",".369","6.3","6.6","1.0","0.5",".133",".138","2.08","6.06"
"SUNY Cortland","SUNYAC","2.97","415","1506","1745","346","49","9","14","169","137","166","373","111","28","6","4","40","19","12","422","372","9",".230",".320",".302",".622",".294","8.1","3.6","2.2","0.3",".214",".095","1.23","3.98"
"SUNY Maritime","Skyline","3.70","275","1097","1253","296","36","4","10","151","113","94","236","75","37","2","1","38","19","5","303","244","3",".270",".347",".337",".684",".334","7.7","3.1","2.5","0.3",".188",".075","1.42","4.05"
"SUNY New Paltz","SUNYAC","4.62","280.2","1078","1283","297","49","9","12","178","144","135","233","71","36","0","7","34","26","10","262","295","0",".276",".371",".371",".742",".338","7.5","4.3","1.7","0.4",".182",".105","1.54","4.56"
"SUNY Oneonta","SUNYAC","4.12","270.2","1040","1269","257","46","8","8","184","124","149","232","62","42","3","2","42","23","14","305","229","1",".247",".360",".330",".690",".306","7.7","5.0","1.6","0.3",".183",".117","1.50","4.64"
"SUNY Poly","NEAC","5.72","223.1","913","1126","276","44","10","4","209","142","155","150","51","32","2","10","29","14","15","206","263","1",".302",".414",".386",".799",".351","6.1","6.3","1.0","0.2",".133",".138","1.93","5.22"
"Susquehanna","Landmark","5.24","336.1","1358","1634","391","73","9","22","258","196","203","254","83","52","4","6","38","23","12","333","352","2",".288",".392",".404",".796",".337","6.8","5.4","1.3","0.6",".155",".124","1.77","5.35"
"Swarthmore","Centennial","3.86","435.2","1655","1909","427","64","9","23","227","187","157","333","95","66","1","0","52","25","19","450","438","2",".258",".338",".349",".687",".307","6.9","3.2","2.1","0.5",".174",".082","1.34","4.45"
"TCNJ","NJAC","2.69","348.1","1273","1468","304","54","8","10","130","104","129","240","78","27","2","8","35","18","13","362","369","6",".239",".323",".317",".640",".284","6.2","3.3","1.9","0.3",".163",".088","1.24","4.26"
"Texas Lutheran","SCAC","3.17","472","1780","2032","442","80","11","12","214","166","160","395","121","43","0","3","36","35","20","450","493","5",".248",".320",".326",".645",".309","7.5","3.1","2.5","0.2",".194",".079","1.27","3.76"
"Texas-Dallas","ASC","4.44","403","1585","1804","452","90","7","33","243","199","134","315","93","32","0","7","33","25","23","387","445","2",".285",".349",".413",".762",".333","7.0","3.0","2.4","0.7",".175",".074","1.45","4.60"
"Texas-Tyler","ASC","3.37","496.1","1881","2148","468","71","10","20","237","186","169","367","92","52","3","10","49","32","17","543","494","4",".249",".324",".329",".653",".296","6.7","3.1","2.2","0.4",".171",".079","1.28","4.22"
"Thiel","PAC","7.12","325","1341","1636","428","92","8","19","310","257","198","186","71","53","1","7","52","26","19","344","366","0",".319",".421",".442",".863",".354","5.2","5.5","0.9","0.5",".114",".121","1.93","5.78"
"Thomas (ME)","North Atlantic","6.19","275","1128","1379","339","61","12","12","249","189","153","181","58","35","0","0","45","31","22","294","304","1",".301",".398",".408",".806",".342","5.9","5.0","1.2","0.4",".131",".111","1.79","5.27"
"Thomas More","DIII Independent","4.39","364.2","1461","1649","421","82","11","25","226","178","123","239","80","28","0","7","32","20","13","410","369","3",".288",".354",".411",".764",".327","5.9","3.0","1.9","0.6",".145",".075","1.49","4.71"
"Transylvania","HCAC","5.36","344.1","1379","1634","391","70","20","15","250","205","174","295","76","41","13","5","45","15","20","333","344","3",".284",".377",".396",".773",".345","7.7","4.6","1.7","0.4",".181",".106","1.64","4.62"
"Trine","MIAA","5.16","310.2","1250","1443","373","89","15","21","228","178","119","239","83","15","2","2","31","26","17","288","342","0",".298",".369",".444",".813",".350","6.9","3.5","2.0","0.6",".166",".082","1.59","4.64"
"Trinity (CT)","NESCAC","4.40","278","1094","1263","276","50","10","7","185","136","119","222","72","38","0","2","39","2","8","308","260","2",".252",".344",".335",".680",".308","7.2","3.9","1.9","0.2",".176",".094","1.42","4.29"
"Trinity (TX)","SCAC","3.26","378.2","1414","1618","329","53","5","8","178","137","145","428","121","39","4","4","28","26","4","339","300","4",".233",".316",".294",".610",".327","10.2","3.5","3.0","0.2",".265",".090","1.25","3.24"
"Tufts","NESCAC","4.94","313.1","1266","1458","367","55","7","13","221","172","130","219","74","42","0","4","30","22","9","335","328","2",".290",".367",".375",".742",".339","6.3","3.7","1.7","0.4",".150",".089","1.59","4.53"
"UMass Boston","Little East","3.84","416.2","1527","1820","354","60","9","18","202","178","187","332","100","45","3","3","64","23","16","436","413","3",".232",".337",".318",".656",".282","7.2","4.0","1.8","0.4",".182",".103","1.30","4.63"
"UMass Dartmouth","Little East","3.51","346","1294","1540","290","63","0","10","190","135","168","321","112","39","3","8","45","21","10","368","301","0",".224",".332",".296",".628",".288","8.3","4.4","1.9","0.3",".208",".109","1.32","4.22"
"Union (NY)","Liberty League","4.28","363.2","1413","1630","370","64","6","18","212","173","148","310","81","35","3","5","40","17","12","409","309","3",".262",".346",".354",".700",".321","7.7","3.7","2.1","0.4",".190",".091","1.43","4.34"
"Ursinus","Centennial","7.74","280.1","1166","1433","367","73","3","30","291","241","170","153","46","36","1","3","48","26","22","290","353","2",".315",".416",".460",".876",".335","4.9","5.5","0.9","1.0",".107",".119","1.92","6.49"
"Utica","Empire 8","7.77","227","982","1192","328","70","11","16","245","196","159","148","61","31","0","1","30","11","9","233","260","0",".334",".438",".477",".915",".377","5.9","6.3","0.9","0.6",".124",".133","2.15","5.96"
"Va. Wesleyan","ODAC","4.25","427.1","1658","1920","429","74","6","21","263","202","171","328","90","35","2","4","46","30","15","446","434","2",".259",".342",".349",".690",".308","6.9","3.6","1.9","0.4",".171",".089","1.41","4.48"
"Valley Forge","CSAC","11.45","195.2","906","1133","325","61","9","16","314","249","152","127","42","39","0","7","43","10","22","196","233","0",".359",".463",".499",".962",".394","5.9","7.0","0.8","0.7",".112",".134","2.44","6.62"
"Vassar","Liberty League","5.58","292","1168","1399","370","66","8","12","215","181","146","178","57","42","3","5","52","19","14","325","296","1",".317",".412",".418",".829",".361","5.5","4.5","1.2","0.4",".127",".104","1.77","5.20"
"Wabash","NCAC","3.72","427.2","1619","1920","417","75","15","11","230","177","185","335","91","38","1","1","67","28","21","462","402","5",".258",".354",".343",".696",".314","7.1","3.9","1.8","0.2",".174",".096","1.41","4.39"
"Wartburg","American Rivers","3.51","338","1283","1467","340","63","9","10","160","132","108","245","77","24","2","2","34","31","11","362","351","6",".265",".336",".352",".687",".318","6.5","2.9","2.3","0.3",".167",".074","1.32","4.05"
"Wash. & Jeff.","PAC","3.23","384.2","1533","1699","407","74","16","10","207","138","98","288","90","34","4","4","43","16","9","460","342","5",".265",".326",".354",".680",".319","6.7","2.3","2.9","0.2",".170",".058","1.31","3.79"
"Wash. & Lee","ODAC","5.89","319.1","1273","1545","384","67","6","11","260","209","173","215","61","53","1","5","52","27","20","326","362","1",".302",".401",".390",".791",".350","6.1","4.9","1.2","0.3",".139",".112","1.75","5.07"
"Washington Col.","Centennial","4.86","331.2","1377","1551","400","67","7","22","248","179","107","232","72","35","5","2","33","15","19","351","370","3",".290",".352",".397",".749",".331","6.3","2.9","2.2","0.6",".150",".069","1.53","4.59"
"WashU","UAA","2.94","302.2","1165","1326","280","57","4","6","147","99","105","330","112","25","1","3","31","14","11","270","260","2",".240",".317",".312",".629",".326","9.8","3.1","3.1","0.2",".249",".079","1.27","3.28"
"Waynesburg","PAC","6.68","252","1073","1281","344","62","8","8","257","187","135","157","51","49","0","1","37","18","17","297","251","0",".321",".409",".416",".825",".363","5.6","4.8","1.2","0.3",".123",".105","1.90","5.07"
"Webster","SLIAC","3.40","405","1508","1718","381","62","1","32","180","153","121","325","110","26","1","4","51","23","13","414","388","5",".253",".327",".359",".685",".300","7.2","2.7","2.7","0.7",".189",".070","1.24","4.55"
"Wells","NEAC","6.84","275","1187","1421","392","70","17","22","294","209","138","216","81","40","0","0","56","24","16","301","252","2",".330",".419",".473",".893",".383","7.1","4.5","1.6","0.7",".152",".097","1.93","5.44"
"Wentworth","CCC","6.61","226","969","1136","315","51","6","9","224","166","104","153","49","31","1","4","28","16","18","253","239","0",".325",".399",".418",".817",".371","6.1","4.1","1.5","0.4",".135",".092","1.85","4.77"
"Wesley","Atlantic East","6.83","278","1154","1406","365","74","13","17","275","211","156","206","61","54","3","7","49","23","24","289","296","1",".316",".412",".447",".859",".364","6.7","5.0","1.3","0.6",".147",".111","1.87","5.38"
"Wesleyan (CT)","NESCAC","5.28","312","1214","1501","344","75","14","8","239","183","197","281","69","59","5","1","50","18","21","307","280","2",".283",".399",".388",".787",".355","8.1","5.7","1.4","0.2",".187",".131","1.73","4.76"
"Western Conn. St.","Little East","7.01","276","1160","1369","373","74","7","16","249","215","132","219","74","31","2","2","47","13","14","296","256","0",".322",".408",".439",".847",".380","7.1","4.3","1.7","0.5",".160",".096","1.83","4.97"
"Western New Eng.","CCC","3.87","381.2","1447","1734","378","69","4","14","221","164","202","295","88","39","0","4","45","21","17","385","380","6",".261",".365",".343",".709",".315","7.0","4.8","1.5","0.3",".170",".116","1.52","4.73"
"Westfield St.","MASCAC","4.88","345","1325","1588","364","59","7","15","242","187","184","260","88","44","3","6","41","19","18","349","347","2",".275",".376",".364",".739",".327","6.8","4.8","1.4","0.4",".164",".116","1.59","4.87"
"Westminster (MO)","SLIAC","5.50","278.1","1122","1293","326","50","1","29","210","170","103","219","60","34","0","1","41","18","9","301","259","2",".291",".369",".414",".783",".336","7.1","3.3","2.1","0.9",".169",".080","1.54","5.19"
"Westminster (PA)","PAC","5.17","243.2","1010","1165","299","49","8","11","192","140","101","198","63","17","4","3","30","12","11","256","235","0",".296",".373",".393",".766",".355","7.3","3.7","2.0","0.4",".170",".087","1.65","4.43"
"Wheaton (IL)","CCIW","5.32","324.2","1344","1571","392","58","12","17","254","192","158","245","85","37","0","4","38","15","16","371","306","1",".292",".378",".391",".769",".342","6.8","4.4","1.6","0.5",".156",".101","1.70","4.84"
"Wheaton (MA)","NEWMAC","3.79","344","1357","1538","366","80","6","11","197","145","109","304","108","18","2","2","35","17","20","364","313","4",".270",".335",".362",".697",".334","8.0","2.9","2.8","0.3",".198",".071","1.38","3.76"
"Whitman","NWC","6.22","337","1363","1595","410","77","8","26","265","233","143","206","57","36","5","6","49","13","27","353","392","0",".301",".381",".426",".807",".332","5.5","3.8","1.4","0.7",".129",".090","1.64","5.34"
"Whittier","SCIAC","4.33","345.1","1337","1557","378","85","7","13","202","166","128","238","64","24","0","0","45","28","18","344","391","4",".283",".361",".386",".747",".331","6.2","3.3","1.9","0.3",".153",".082","1.47","4.47"
"Whitworth","NWC","4.26","327.1","1245","1449","330","51","5","17","173","155","125","257","76","32","0","4","34","21","24","321","357","4",".265",".342",".355",".697",".315","7.1","3.4","2.1","0.5",".177",".086","1.39","4.42"
"Widener","MAC Commonwealth","4.80","318.2","1239","1428","344","72","7","13","208","170","125","211","78","37","2","2","26","24","14","337","351","4",".278",".353",".379",".731",".322","6.0","3.5","1.7","0.4",".148",".088","1.47","4.48"
"Wilkes","MAC Freedom","5.89","267.1","1058","1344","306","41","9","20","230","175","184","140","56","42","1","5","57","19","26","261","348","1",".289",".413",".402",".815",".310","4.7","6.2","0.8","0.7",".104",".137","1.83","6.49"
"Willamette","NWC","4.07","438.1","1676","1939","449","74","2","34","248","198","179","261","71","36","3","4","29","34","20","477","503","1",".268",".345",".375",".720",".296","5.4","3.7","1.5","0.7",".135",".092","1.43","5.10"
"William Peace","USA South","5.42","310.2","1206","1451","332","43","10","12","213","187","157","239","74","43","0","1","44","31","13","288","352","5",".275",".375",".357",".733",".331","6.9","4.6","1.5","0.3",".165",".108","1.58","4.76"
"Williams","NESCAC","6.13","239.1","945","1192","278","68","7","5","209","163","164","162","61","35","2","8","41","22","20","188","319","1",".294",".413",".397",".810",".342","6.1","6.2","1.0","0.2",".136",".138","1.85","5.34"
"Wilmington (OH)","OAC","6.94","316.1","1355","1543","456","102","11","18","303","244","112","156","50","29","0","4","37","19","20","323","410","2",".337",".397",".468",".865",".365","4.4","3.2","1.4","0.5",".101",".073","1.80","5.02"
"Wis. Lutheran","NACC","6.37","298.1","1240","1467","373","53","8","10","262","211","146","178","46","42","2","6","45","11","25","292","384","4",".301",".387",".381",".768",".337","5.4","4.4","1.2","0.3",".121",".100","1.74","5.02"
"Wis.-La Crosse","WIAC","4.68","348","1359","1552","378","71","10","22","211","181","138","344","105","30","1","3","27","13","15","306","320","3",".278",".353",".394",".746",".353","8.9","3.6","2.5","0.6",".222",".089","1.48","4.12"
"Wis.-Oshkosh","WIAC","3.27","385","1453","1618","359","81","17","18","170","140","110","319","86","28","3","5","38","10","7","397","366","4",".247",".315",".363",".679",".304","7.5","2.6","2.9","0.4",".197",".068","1.22","3.96"
"Wis.-Platteville","WIAC","8.56","337.1","1434","1793","472","100","9","27","396","321","247","260","86","67","1","9","65","11","35","290","395","0",".329",".440",".468",".908",".376","6.9","6.6","1.1","0.7",".145",".138","2.13","6.13"
"Wis.-Stevens Point","WIAC","3.62","308","1156","1324","279","57","5","19","151","124","112","267","73","14","4","2","30","14","12","298","296","4",".241",".321",".349",".670",".295","7.8","3.3","2.4","0.6",".202",".085","1.27","4.31"
"Wis.-Stout","WIAC","5.85","311","1271","1500","402","89","6","17","273","202","125","196","67","49","0","1","57","25","22","295","382","0",".316",".396",".436",".832",".356","5.7","3.6","1.6","0.5",".131",".083","1.70","5.06"
"Wis.-Superior","UMAC","8.43","294.2","1252","1562","394","82","22","11","340","276","218","247","75","72","2","5","54","12","26","283","310","1",".315",".430",".442",".871",".375","7.6","6.7","1.1","0.3",".158",".140","2.08","5.44"
"Wis.-Whitewater","WIAC","2.78","343","1286","1453","310","45","4","10","137","106","102","368","115","26","2","2","33","20","8","333","269","6",".241",".311",".306",".617",".328","9.7","2.7","3.6","0.3",".253",".070","1.20","3.27"
"Wittenberg","NCAC","5.75","319.1","1315","1556","387","72","4","29","259","204","158","218","54","27","6","4","49","17","15","300","395","3",".294",".386",".421",".808",".331","6.1","4.5","1.4","0.8",".140",".102","1.71","5.62"
"Wm. Paterson","NJAC","4.02","333.2","1327","1515","376","55","8","9","199","149","122","261","88","28","2","3","30","23","13","315","362","2",".283",".354",".357",".711",".343","7.0","3.3","2.1","0.2",".172",".081","1.50","4.01"
"Wooster","NCAC","3.92","445","1717","2001","452","88","3","18","240","194","192","291","89","73","2","4","58","20","13","481","497","0",".263",".355",".349",".704",".305","5.9","3.9","1.5","0.4",".145",".096","1.45","4.76"
"Worcester St.","MASCAC","5.93","294.1","1189","1442","348","81","9","24","255","194","163","191","59","44","3","2","45","23","22","310","342","0",".293",".392",".437",".828",".325","5.8","5.0","1.2","0.7",".132",".113","1.74","5.74"
"WPI","NEWMAC","6.72","290.2","1222","1478","380","67","10","26","287","217","160","258","103","35","0","6","57","15","23","270","299","0",".311",".408",".446",".854",".368","8.0","5.0","1.6","0.8",".175",".108","1.86","5.49"
"Yeshiva","Skyline","13.13","196","920","1199","346","68","9","14","387","286","192","123","47","86","0","11","56","8","23","196","230","0",".376",".499",".515","1.014",".412","5.6","8.8","0.6","0.6",".103",".160","2.75","7.32"
"York (PA)","CAC","6.35","348.2","1455","1724","448","76","8","45","318","246","179","288","87","45","1","3","59","20","11","297","389","1",".308",".403",".464",".866",".356","7.4","4.6","1.6","1.2",".167",".104","1.80","5.93"